date,key,new_hospitalized,total_hospitalized,new_intensive_care,total_intensive_care,new_ventilator,total_ventilator
2020-08-30 00:00:00,CH_BL,0,3,0,1,0,1
2020-10-02 00:00:00,CH_TI,-1,1,0,0,0,0
2020-09-29 00:00:00,CH_LU,-2,6,0,0,0,0
2020-10-29 00:00:00,CH_TI,18,123,-1,7,1,5
2020-10-16 00:00:00,CH_GR,1,7,1,3,0,1
2020-05-25 00:00:00,CH_GE,2,13,0,1,0,0
2020-03-20 00:00:00,CH_ZH,23,83,,0,3,15
2020-11-07 00:00:00,CH_ZH,-7,323,5,60,-1,43
2020-12-10 00:00:00,US_KS,0,5654,0,1527,0,409
2020-12-02 00:00:00,US_KS,185,5290,37,1390,14,409
2020-08-29 00:00:00,US_AR,0,4142,0,,0,538
2020-06-21 00:00:00,CH_BE,0,3,0,0,0,0
2020-07-21 00:00:00,CH_VS,0,8,-1,1,0,1
2020-09-25 00:00:00,US_KS,50,2816,15,768,10,250
2020-10-22 00:00:00,US_AL,118,19448,18,1985,16,1137
2020-11-05 00:00:00,CH_ZH,-10,326,0,52,6,39
2020-08-11 00:00:00,US_UT,35,2677,12,685,2,277
2021-02-05 00:00:00,US_UT,58,13755,4,2162,0,742
2020-10-13 00:00:00,CH_BL,1,4,0,0,0,0
2020-02-29 00:00:00,CH_TI,0,0,0,0,0,0
2020-09-10 00:00:00,CH_NE,-2,1,0,0,0,0
2021-01-12 00:00:00,CH_BL,-8,54,-1,6,-1,6
2020-10-10 00:00:00,CH_ZH,6,42,1,6,0,4
2021-02-03 00:00:00,CH_BL,0,23,1,5,-1,2
2020-05-12 00:00:00,US_KS,0,660,0,233,0,101
2020-09-01 00:00:00,CH_ZH,4,26,-1,7,0,6
2020-07-01 00:00:00,CH_TI,-2,2,0,0,0,0
2020-07-20 00:00:00,CH_VS,0,8,0,2,0,1
2020-06-19 00:00:00,US_AL,43,2416,15,710,10,415
2020-05-30 00:00:00,US_KS,0,842,0,284,0,124
2020-08-11 00:00:00,US_KS,0,1911,0,534,0,194
2020-12-15 00:00:00,CH_LU,1,93,0,,4,19
2020-04-08 00:00:00,US_AR,-18,130,,43,-4,39
2020-05-11 00:00:00,CH_TI,3,80,0,10,-1,8
2020-10-05 00:00:00,CH_LU,0,6,0,1,0,1
2020-07-09 00:00:00,US_AL,33,3039,6,877,4,490
2020-05-24 00:00:00,US_AR,8,598,0,,0,111
2020-07-27 00:00:00,CH_LU,0,6,0,3,0,3
2020-10-22 00:00:00,CH_VS,22,117,0,8,-1,2
2020-12-02 00:00:00,CH_GR,2,48,-1,7,0,6
2020-08-30 00:00:00,US_AL,0,14267,8,1467,3,804
2020-05-20 00:00:00,US_UT,12,631,3,200,3,87
2020-07-12 00:00:00,US_KS,0,1304,0,405,0,160
2020-09-19 00:00:00,CH_BL,-2,1,0,0,0,0
2020-11-08 00:00:00,CH_NE,13,136,1,19,1,14
2020-09-29 00:00:00,CH_BL,0,0,0,0,0,0
2020-05-17 00:00:00,US_AL,5,1392,3,504,1,296
2021-01-01 00:00:00,CH_BL,-4,69,0,8,0,8
2020-08-16 00:00:00,CH_ZH,3,29,1,7,1,7
2020-10-08 00:00:00,CH_LU,1,6,1,2,1,2
2020-04-04 00:00:00,CH_ZH,-13,194,0,0,2,59
2020-07-02 00:00:00,CH_ZH,-3,10,-2,0,0,0
2020-04-24 00:00:00,US_AR,0,291,0,,0,57
2020-12-23 00:00:00,US_UT,109,10327,8,1765,5,620
2020-10-30 00:00:00,US_AR,36,7003,0,,5,834
2020-05-04 00:00:00,CH_LU,-4,15,-1,6,-1,6
2020-06-05 00:00:00,US_AL,20,1949,2,603,1,358
2020-11-01 00:00:00,CH_SG,16,152,2,20,1,16
2021-01-06 00:00:00,US_AR,124,11867,0,,15,1271
2020-09-30 00:00:00,CH_VS,2,38,0,1,0,1
2020-09-28 00:00:00,US_KS,36,2852,17,785,1,251
2020-10-22 00:00:00,CH_LU,5,31,0,4,0,4
2020-09-21 00:00:00,CH_VS,2,22,0,0,0,0
2021-02-06 00:00:00,CH_ZH,-8,200,-1,48,2,38
2020-03-06 00:00:00,CH_TI,0,0,0,0,0,0
2020-03-12 00:00:00,CH_TI,0,0,0,0,0,0
2021-02-04 00:00:00,CH_NE,0,32,1,6,1,5
2020-05-29 00:00:00,CH_BE,-2,9,-2,0,0,1
2020-03-07 00:00:00,CH_VS,0,12,0,0,0,0
2020-09-01 00:00:00,CH_VS,0,10,0,0,0,0
2020-06-03 00:00:00,CH_TI,-6,20,0,1,0,1
2020-10-22 00:00:00,CH_NE,14,51,1,5,1,4
2020-10-17 00:00:00,CH_TI,1,19,-1,1,0,1
2021-02-01 00:00:00,US_KS,72,8489,21,2311,0,412
2020-05-19 00:00:00,US_UT,24,619,0,197,0,84
2020-10-15 00:00:00,CH_NE,2,17,1,1,0,0
2020-04-18 00:00:00,US_AL,26,620,0,247,0,148
2020-04-02 00:00:00,CH_NE,-5,61,-2,12,2,10
2020-12-03 00:00:00,CH_BE,-29,304,-11,57,0,46
2020-07-03 00:00:00,CH_TI,0,1,0,0,0,0
2021-01-08 00:00:00,US_AL,343,36754,7,2456,0,1404
2020-12-26 00:00:00,CH_TI,6,349,1,39,2,35
2020-12-17 00:00:00,US_AR,127,10357,0,,8,1125
2020-04-29 00:00:00,CH_AG,-3,38,-2,10,-2,9
2020-07-14 00:00:00,CH_BL,0,3,0,0,0,0
2020-12-22 00:00:00,US_UT,116,10218,32,1757,6,615
2020-06-10 00:00:00,CH_TI,-2,10,-1,0,0,0
2020-12-14 00:00:00,CH_NE,-10,71,-2,4,-2,1
2020-03-31 00:00:00,CH_GR,0,58,1,10,1,10
2020-05-09 00:00:00,US_KS,27,635,6,229,1,100
2020-11-11 00:00:00,CH_SG,-4,184,-2,28,0,24
2020-06-23 00:00:00,US_AR,24,1188,0,,0,186
2020-06-11 00:00:00,CH_GR,1,1,0,0,0,0
2020-12-07 00:00:00,CH_BL,-3,59,0,6,0,4
2020-08-29 00:00:00,US_UT,16,3057,1,774,1,319
2021-01-10 00:00:00,CH_VS,4,98,0,12,0,7
2020-10-25 00:00:00,CH_ZH,29,159,1,22,-2,14
2020-12-27 00:00:00,CH_BL,2,72,-2,9,-1,4
2020-05-25 00:00:00,CH_NE,0,4,0,1,0,1
2020-05-23 00:00:00,CH_BE,0,20,0,3,0,3
2020-04-12 00:00:00,CH_BL,-2,48,1,17,-1,14
2020-10-28 00:00:00,CH_TI,15,105,2,8,1,4
2020-10-07 00:00:00,US_UT,55,4113,4,941,1,371
2021-01-29 00:00:00,CH_BE,-17,118,-2,24,-2,20
2020-10-26 00:00:00,CH_VS,19,171,1,12,2,4
2020-06-29 00:00:00,CH_GE,2,7,-1,1,0,1
2020-06-26 00:00:00,US_KS,46,1128,8,356,2,152
2020-08-21 00:00:00,CH_VS,0,15,0,1,0,1
2020-05-27 00:00:00,US_AL,48,1719,9,560,7,334
2020-08-19 00:00:00,CH_BL,-1,1,0,1,1,1
2020-07-10 00:00:00,CH_TI,1,3,0,0,0,0
2020-11-26 00:00:00,CH_BE,-21,334,-10,57,-6,44
2020-12-22 00:00:00,CH_VS,-8,78,-3,15,-4,11
2020-12-02 00:00:00,CH_BL,-1,61,0,8,0,4
2021-01-28 00:00:00,CH_BL,-4,20,1,7,1,6
2020-04-09 00:00:00,CH_BL,-3,62,0,18,-1,16
2021-01-20 00:00:00,US_KS,123,7930,43,2141,0,413
2020-05-12 00:00:00,CH_VS,-4,34,-2,8,0,7
2020-12-13 00:00:00,US_AL,0,28146,1,2357,1,1351
2020-04-07 00:00:00,CH_NE,5,64,0,10,-3,5
2020-06-25 00:00:00,US_AL,45,2612,12,761,6,447
2020-08-28 00:00:00,CH_BL,0,3,0,1,0,1
2020-05-09 00:00:00,CH_LU,0,14,0,,0,6
2021-02-07 00:00:00,CH_GR,3,23,0,5,0,5
2020-12-16 00:00:00,CH_BL,-4,59,-1,3,-1,2
2020-08-11 00:00:00,CH_GR,0,0,0,0,0,0
2020-07-21 00:00:00,US_AR,55,2257,0,,7,316
2020-07-05 00:00:00,CH_ZH,2,11,1,1,1,1
2020-09-30 00:00:00,CH_NE,1,2,0,0,0,0
2020-06-06 00:00:00,CH_TI,-2,15,0,1,-1,0
2020-10-18 00:00:00,US_UT,46,4656,6,1022,0,401
2021-01-19 00:00:00,CH_BE,1,209,-2,40,-3,31
2021-01-09 00:00:00,US_AR,119,12087,0,,7,1289
2020-11-06 00:00:00,CH_GR,2,47,0,10,0,8
2020-06-09 00:00:00,CH_LU,0,6,0,,0,3
2020-04-27 00:00:00,CH_BL,-4,17,1,1,0,0
2020-09-10 00:00:00,CH_BL,0,0,0,0,0,0
2020-11-23 00:00:00,CH_BE,-13,377,-1,66,-1,55
2020-11-06 00:00:00,US_UT,92,5922,14,1216,0,465
2020-04-02 00:00:00,CH_VS,0,147,2,28,-1,24
2020-08-15 00:00:00,CH_GR,0,0,0,0,0,0
2020-07-08 00:00:00,CH_TI,1,1,0,0,0,0
2021-01-23 00:00:00,US_AR,120,13250,0,,7,1390
2020-06-06 00:00:00,CH_BL,0,0,0,0,0,0
2021-01-15 00:00:00,CH_NE,-7,31,-2,7,1,4
2020-10-28 00:00:00,CH_SG,4,133,0,16,-2,11
2020-05-30 00:00:00,CH_BL,0,0,0,0,0,0
2020-05-25 00:00:00,CH_TI,-1,49,0,4,0,4
2020-11-17 00:00:00,CH_LU,13,82,0,,-1,16
2020-09-27 00:00:00,US_AR,33,5235,0,,4,661
2020-12-21 00:00:00,CH_TI,2,349,-2,41,-1,37
2020-05-09 00:00:00,CH_NE,1,17,0,2,-1,1
2021-01-07 00:00:00,CH_TI,-4,367,4,51,2,47
2020-08-31 00:00:00,CH_NE,0,1,0,0,0,0
2020-08-13 00:00:00,US_UT,25,2721,4,694,2,281
2020-12-11 00:00:00,CH_NE,-1,96,4,10,0,4
2020-10-21 00:00:00,CH_GR,1,9,0,1,0,1
2020-07-10 00:00:00,CH_BE,3,5,0,1,0,1
2021-01-10 00:00:00,CH_GR,1,44,1,6,1,6
2020-06-13 00:00:00,US_KS,0,973,0,324,0,143
2020-06-06 00:00:00,CH_BE,0,5,0,0,0,0
2020-03-09 00:00:00,CH_VS,1,17,0,1,0,1
2020-06-02 00:00:00,CH_VS,0,15,0,3,0,2
2020-04-27 00:00:00,CH_GR,1,29,0,8,0,8
2020-11-25 00:00:00,US_KS,144,4921,22,1316,8,385
2020-07-20 00:00:00,CH_LU,0,7,0,4,0,4
2020-12-23 00:00:00,CH_ZH,-10,498,3,104,1,73
2020-06-09 00:00:00,US_UT,13,931,4,274,4,116
2020-08-11 00:00:00,US_AL,0,12070,21,1270,11,691
2020-05-29 00:00:00,CH_BL,0,0,0,0,0,0
2020-05-29 00:00:00,US_KS,20,842,9,284,2,124
2020-09-23 00:00:00,US_UT,34,3584,7,876,2,354
2020-03-23 00:00:00,CH_BL,11,51,3,10,3,10
2020-12-06 00:00:00,US_UT,57,8822,4,1548,1,558
2020-12-17 00:00:00,US_AL,0,29559,3,2383,5,1369
2020-04-04 00:00:00,CH_NE,-2,59,-1,10,0,9
2020-04-27 00:00:00,US_AR,0,291,0,,0,57
2020-06-29 00:00:00,CH_TI,0,4,0,0,0,0
2020-04-22 00:00:00,CH_TI,-23,213,-12,42,-4,32
2020-07-06 00:00:00,CH_ZH,1,12,1,2,1,2
2020-04-13 00:00:00,CH_LU,3,23,0,5,0,5
2021-01-18 00:00:00,CH_NE,-5,29,-1,7,0,3
2020-04-26 00:00:00,CH_BE,-7,54,-2,9,-1,9
2020-12-06 00:00:00,CH_VS,1,133,1,24,-1,17
2020-05-13 00:00:00,CH_AG,-1,8,-1,1,-1,1
2020-12-17 00:00:00,CH_NE,-15,56,-4,3,-1,3
2020-03-10 00:00:00,CH_GE,5,18,1,4,0,1
2020-11-18 00:00:00,US_KS,130,4561,36,1241,9,364
2020-12-30 00:00:00,CH_VS,6,72,-1,11,-1,8
2020-07-27 00:00:00,CH_BL,1,2,0,0,0,0
2020-06-01 00:00:00,US_KS,0,842,0,284,0,124
2020-06-06 00:00:00,US_AR,46,838,0,,4,142
2020-07-15 00:00:00,CH_ZH,0,24,-1,9,0,6
2021-01-08 00:00:00,CH_BL,-5,64,0,9,0,6
2020-09-06 00:00:00,US_KS,0,2415,0,661,0,211
2020-10-24 00:00:00,US_AL,0,19595,20,2021,9,1157
2020-04-13 00:00:00,CH_VS,-4,107,-1,21,-2,12
2020-02-28 00:00:00,CH_GR,0,0,0,0,0,0
2020-10-07 00:00:00,CH_LU,-1,5,0,1,0,1
2020-06-22 00:00:00,CH_NE,0,2,0,0,0,0
2020-06-17 00:00:00,CH_TI,0,6,0,0,0,0
2020-11-02 00:00:00,CH_BL,-1,33,0,5,0,4
2020-06-27 00:00:00,CH_BE,0,1,0,0,0,0
2020-05-22 00:00:00,CH_VS,-1,19,-1,5,-1,2
2020-12-13 00:00:00,US_AR,16,9927,0,,0,1091
2020-09-15 00:00:00,US_AL,0,15756,11,1622,6,898
2020-11-04 00:00:00,US_AL,126,21027,8,2089,4,1207
2020-03-14 00:00:00,CH_BL,-4,8,-1,2,-1,2
2020-06-28 00:00:00,US_AL,6,2703,1,790,1,454
2021-01-31 00:00:00,US_KS,0,8417,0,2290,0,412
2020-07-24 00:00:00,CH_GR,0,2,0,0,0,0
2020-03-25 00:00:00,CH_VS,1,119,2,15,2,14
2020-09-21 00:00:00,CH_BE,7,17,2,5,1,2
2020-03-28 00:00:00,CH_BL,-4,75,3,14,2,13
2020-02-29 00:00:00,CH_VS,0,6,0,0,0,0
2020-09-02 00:00:00,CH_BL,0,1,0,0,0,0
2020-04-08 00:00:00,CH_LU,1,28,0,,0,6
2020-11-09 00:00:00,US_AL,0,21294,1,2122,1,1226
2020-08-19 00:00:00,CH_BE,0,7,0,1,-1,0
2020-06-06 00:00:00,CH_GR,0,2,0,1,0,1
2021-01-26 00:00:00,US_AR,89,13401,0,,13,1408
2020-11-26 00:00:00,CH_ZH,8,397,5,73,-1,49
2020-05-15 00:00:00,CH_GR,-2,9,-1,4,-1,4
2020-08-28 00:00:00,CH_BE,0,4,0,1,0,1
2020-08-16 00:00:00,US_UT,11,2771,0,707,1,287
2020-10-06 00:00:00,CH_NE,5,6,0,0,0,0
2020-11-26 00:00:00,CH_LU,-2,104,0,,-1,13
2020-11-23 00:00:00,CH_GR,3,54,-2,8,-2,7
2020-05-04 00:00:00,US_KS,6,553,0,209,0,95
2021-01-26 00:00:00,CH_VS,2,148,0,13,-2,9
2020-10-13 00:00:00,CH_GR,0,3,0,1,0,0
2020-11-05 00:00:00,US_UT,75,5830,19,1202,9,465
2020-07-10 00:00:00,US_AR,38,1743,0,,-24,260
2021-01-27 00:00:00,CH_BL,-1,24,0,6,0,5
2020-07-16 00:00:00,US_UT,43,1956,8,523,0,214
2020-08-22 00:00:00,CH_NE,0,0,0,0,0,0
2020-08-04 00:00:00,US_KS,0,1782,0,505,0,184
2020-06-15 00:00:00,CH_GE,1,6,-1,0,-1,0
2020-06-01 00:00:00,CH_GE,0,2,0,0,0,0
2020-08-31 00:00:00,CH_TI,0,1,0,0,0,0
2020-03-24 00:00:00,CH_VS,14,118,1,13,3,12
2020-11-25 00:00:00,CH_SG,-3,164,4,30,0,20
2020-07-05 00:00:00,US_AL,3,2909,0,843,0,473
2020-08-19 00:00:00,CH_VS,-1,12,0,1,0,1
2020-09-01 00:00:00,CH_SG,1,5,1,3,0,2
2020-06-11 00:00:00,US_AL,36,2165,4,650,2,380
2020-05-21 00:00:00,CH_BE,0,24,0,3,0,3
2021-01-16 00:00:00,CH_VS,-7,129,0,12,2,10
2021-01-25 00:00:00,CH_VS,10,146,2,13,3,11
2020-10-14 00:00:00,CH_LU,2,13,0,0,0,0
2020-12-12 00:00:00,CH_VS,-10,102,2,22,2,15
2021-01-07 00:00:00,CH_LU,-4,110,0,,2,17
2020-10-09 00:00:00,CH_ZH,12,36,-1,5,0,4
2020-08-07 00:00:00,CH_VS,0,8,0,1,0,1
2020-07-13 00:00:00,US_AL,0,6745,8,919,2,505
2020-12-29 00:00:00,CH_BL,3,78,0,8,3,7
2020-07-05 00:00:00,CH_BL,0,0,0,0,0,0
2020-03-21 00:00:00,CH_ZH,0,83,0,0,8,23
2020-08-25 00:00:00,CH_NE,1,1,1,1,0,0
2020-06-23 00:00:00,CH_NE,0,2,0,0,0,0
2020-08-21 00:00:00,CH_GR,0,1,0,0,0,0
2020-07-31 00:00:00,CH_GR,0,1,0,0,0,0
2020-06-10 00:00:00,US_AL,42,2129,15,646,3,378
2020-08-17 00:00:00,US_AL,351,12958,3,1319,0,720
2020-11-18 00:00:00,CH_BE,-8,399,-7,68,0,56
2020-06-27 00:00:00,CH_BL,0,0,0,0,0,0
2020-10-01 00:00:00,CH_ZH,-3,28,-1,10,0,9
2021-01-23 00:00:00,US_KS,0,8041,0,2181,0,412
2021-01-03 00:00:00,US_KS,0,6903,0,1862,0,412
2020-04-16 00:00:00,US_AL,28,553,8,227,3,137
2020-11-20 00:00:00,CH_TI,14,371,-2,34,-1,22
2020-10-02 00:00:00,CH_ZH,3,31,-2,8,-1,8
2020-09-29 00:00:00,CH_NE,-1,1,0,0,0,0
2020-06-18 00:00:00,US_KS,0,1011,0,333,0,146
2021-01-30 00:00:00,CH_NE,0,25,1,5,0,3
2020-07-06 00:00:00,CH_VS,1,10,-1,1,0,0
2020-04-11 00:00:00,CH_VS,-3,113,-4,20,-3,15
2020-12-29 00:00:00,US_AR,106,11168,0,,11,1199
2020-12-13 00:00:00,CH_VS,0,102,1,23,0,15
2021-01-31 00:00:00,CH_NE,-1,24,0,5,0,3
2020-10-21 00:00:00,CH_BE,39,121,1,13,2,7
2020-07-22 00:00:00,CH_GR,0,2,0,0,0,0
2020-06-03 00:00:00,US_UT,28,829,7,250,3,107
2021-01-27 00:00:00,CH_ZH,-3,236,-1,61,1,43
2020-06-12 00:00:00,US_AR,36,961,0,,7,157
2020-06-16 00:00:00,CH_GE,0,6,0,0,0,0
2020-06-10 00:00:00,CH_NE,0,2,0,0,0,0
2020-10-06 00:00:00,US_UT,39,4058,9,937,4,370
2020-07-16 00:00:00,US_KS,0,1393,0,418,0,159
2021-01-08 00:00:00,CH_ZH,-25,417,0,89,0,63
2021-01-06 00:00:00,CH_ZH,-11,480,-5,99,-2,67
2020-11-13 00:00:00,CH_NE,1,156,0,19,1,13
2020-09-23 00:00:00,CH_SG,0,8,-1,4,-1,3
2021-01-26 00:00:00,US_KS,0,8117,0,2210,0,412
2020-09-12 00:00:00,US_AR,0,4678,0,,0,597
2021-01-22 00:00:00,US_KS,111,8041,40,2181,-1,412
2020-06-25 00:00:00,US_KS,0,1082,0,348,0,150
2020-09-09 00:00:00,US_AL,202,15339,13,1551,6,854
2020-08-23 00:00:00,CH_ZH,2,25,-1,11,-1,6
2020-04-04 00:00:00,CH_BL,-9,73,1,19,-1,17
2020-04-16 00:00:00,CH_BL,1,46,-1,8,-1,6
2020-11-25 00:00:00,CH_ZH,-6,389,-5,68,4,50
2021-01-17 00:00:00,US_UT,66,12518,1,1980,1,679
2020-06-07 00:00:00,US_UT,10,900,3,269,1,111
2020-12-26 00:00:00,US_UT,116,10522,1,1777,2,625
2020-05-01 00:00:00,CH_AG,1,34,0,9,0,8
2020-08-19 00:00:00,CH_GR,1,2,0,0,0,0
2020-07-07 00:00:00,CH_BL,0,1,0,0,0,0
2020-12-13 00:00:00,CH_BL,-5,61,-1,7,1,5
2020-10-12 00:00:00,CH_LU,5,12,0,2,0,2
2020-10-10 00:00:00,CH_GR,1,2,0,0,0,0
2020-04-30 00:00:00,CH_BL,-3,9,0,1,0,1
2020-10-18 00:00:00,CH_TI,7,26,0,1,0,1
2020-09-30 00:00:00,CH_GR,-1,2,0,0,0,0
2020-08-13 00:00:00,CH_VS,0,10,0,1,0,1
2021-02-07 00:00:00,US_AR,17,14066,0,,0,1458
2020-06-08 00:00:00,CH_VS,0,15,0,3,0,2
2020-04-20 00:00:00,CH_AG,-13,45,-4,16,-4,16
2020-07-30 00:00:00,US_AR,0,2747,0,,0,387
2020-10-27 00:00:00,US_UT,67,5169,16,1083,4,423
2020-08-10 00:00:00,US_AL,533,12070,7,1249,6,680
2021-01-05 00:00:00,CH_VS,-5,79,-2,8,0,6
2020-10-28 00:00:00,CH_VS,2,185,1,13,1,5
2020-04-26 00:00:00,CH_NE,-3,32,-1,3,0,3
2021-01-22 00:00:00,CH_LU,1,83,0,,-2,12
2021-01-08 00:00:00,CH_NE,-5,36,-1,5,0,3
2020-06-12 00:00:00,CH_VS,0,15,0,3,-1,0
2020-09-26 00:00:00,US_AL,0,16852,9,1791,7,1007
2020-04-17 00:00:00,CH_TI,5,254,-2,57,-5,44
2021-01-30 00:00:00,US_AL,376,41859,0,2539,0,1452
2020-05-01 00:00:00,CH_GE,-7,227,-1,18,-1,17
2020-12-22 00:00:00,CH_BL,1,68,0,5,0,2
2020-05-26 00:00:00,US_AR,12,617,0,,3,114
2020-12-22 00:00:00,US_AR,81,10651,0,,5,1147
2020-11-13 00:00:00,CH_BE,-8,402,-3,54,1,45
2020-10-19 00:00:00,CH_NE,3,27,1,3,0,1
2020-05-03 00:00:00,US_AR,13,427,0,,3,88
2020-11-17 00:00:00,US_KS,0,4431,0,1205,0,355
2020-08-25 00:00:00,CH_ZH,-6,16,0,9,0,5
2020-10-02 00:00:00,CH_BL,0,0,0,0,0,0
2020-04-18 00:00:00,CH_GE,-12,295,-5,34,0,33
2020-06-22 00:00:00,CH_GR,1,1,0,0,0,0
2020-10-10 00:00:00,CH_NE,-2,10,-2,0,-1,0
2020-12-17 00:00:00,US_KS,0,6050,0,1628,0,409
2020-10-20 00:00:00,CH_TI,1,31,1,2,0,1
2020-08-18 00:00:00,US_KS,0,2034,0,560,0,200
2020-04-19 00:00:00,CH_ZH,2,116,0,0,-1,43
2020-10-05 00:00:00,CH_SG,2,9,1,3,0,2
2020-07-14 00:00:00,US_KS,0,1343,0,410,0,160
2020-09-20 00:00:00,US_UT,17,3494,3,853,1,350
2020-09-23 00:00:00,CH_LU,0,7,0,0,0,0
2020-06-18 00:00:00,CH_BL,0,0,0,0,0,0
2020-09-18 00:00:00,US_AR,36,4932,0,,5,624
2020-09-06 00:00:00,CH_BL,0,0,0,0,0,0
2020-10-29 00:00:00,US_AR,47,6967,0,,4,829
2020-10-11 00:00:00,CH_ZH,8,50,1,7,0,4
2020-12-20 00:00:00,CH_BL,7,69,1,5,0,2
2020-10-12 00:00:00,CH_BL,0,3,0,0,0,0
2020-07-17 00:00:00,CH_LU,1,7,0,4,0,4
2020-07-13 00:00:00,CH_BE,-1,4,1,2,-1,0
2020-09-07 00:00:00,CH_BL,0,0,0,0,0,0
2020-07-31 00:00:00,US_KS,51,1751,11,494,5,179
2020-11-10 00:00:00,US_AL,592,21886,6,2128,5,1231
2020-08-08 00:00:00,CH_GR,0,1,0,0,0,0
2020-11-17 00:00:00,CH_TI,12,361,-1,31,0,21
2020-02-28 00:00:00,CH_GE,1,2,0,0,0,0
2020-06-10 00:00:00,CH_ZH,1,7,0,0,0,0
2020-07-07 00:00:00,US_AL,47,2961,15,858,6,479
2020-05-02 00:00:00,CH_TI,-8,134,-2,23,-4,16
2020-06-08 00:00:00,US_AR,0,844,0,,0,143
2020-04-18 00:00:00,CH_LU,-2,21,1,4,0,4
2020-05-13 00:00:00,CH_LU,0,12,-1,4,0,4
2020-05-25 00:00:00,US_KS,13,800,2,271,0,120
2020-07-30 00:00:00,CH_GR,0,1,0,0,0,0
2020-07-20 00:00:00,CH_ZH,5,29,-1,6,-2,4
2020-09-09 00:00:00,CH_BL,0,0,0,0,0,0
2020-10-26 00:00:00,US_AR,50,6768,0,,4,812
2020-09-20 00:00:00,US_AL,0,16227,1,1643,0,904
2020-08-12 00:00:00,US_AL,222,12292,12,1282,9,700
2020-03-22 00:00:00,CH_ZH,27,110,0,0,-1,22
2020-09-08 00:00:00,US_AL,223,15137,1,1538,0,848
2020-07-06 00:00:00,CH_LU,1,6,0,2,0,2
2020-04-03 00:00:00,CH_BL,1,82,0,18,0,18
2020-05-17 00:00:00,US_UT,8,586,2,196,0,84
2020-04-20 00:00:00,CH_ZH,5,121,0,0,0,43
2020-07-03 00:00:00,US_KS,24,1219,10,377,4,156
2021-01-18 00:00:00,CH_BL,5,29,0,5,0,5
2020-07-05 00:00:00,CH_NE,0,2,0,0,0,0
2020-07-11 00:00:00,CH_VS,0,9,0,2,0,0
2020-06-11 00:00:00,CH_AG,0,2,0,1,0,1
2020-04-07 00:00:00,CH_GE,-3,391,-5,51,-2,48
2020-12-30 00:00:00,CH_BL,-11,67,0,8,1,8
2020-08-26 00:00:00,US_UT,27,2996,7,760,2,308
2020-03-09 00:00:00,CH_GR,0,0,0,0,0,0
2020-10-25 00:00:00,CH_VS,1,152,2,11,-1,2
2020-10-30 00:00:00,US_KS,80,3832,24,1067,5,323
2020-10-05 00:00:00,CH_ZH,-1,31,0,8,-1,7
2020-08-13 00:00:00,CH_ZH,0,27,1,6,1,6
2020-05-24 00:00:00,US_KS,0,787,0,269,0,120
2020-07-07 00:00:00,US_UT,49,1653,17,455,6,200
2020-07-28 00:00:00,US_AR,62,2686,0,,8,377
2020-12-16 00:00:00,US_KS,155,6050,44,1628,0,409
2020-07-15 00:00:00,CH_NE,-1,1,0,0,0,0
2020-05-31 00:00:00,CH_GR,0,2,0,1,0,1
2020-11-03 00:00:00,CH_GR,-1,37,0,9,0,8
2021-01-27 00:00:00,US_UT,80,13217,8,2082,3,719
2020-06-17 00:00:00,CH_NE,0,2,0,0,0,0
2020-07-22 00:00:00,US_AL,0,8538,9,1018,5,540
2020-06-08 00:00:00,CH_GR,-1,0,-1,0,-1,0
2020-05-22 00:00:00,CH_BE,-4,20,0,3,0,3
2020-05-01 00:00:00,CH_BE,1,40,0,9,-2,7
2020-04-19 00:00:00,CH_TI,-7,237,-2,54,0,42
2020-08-04 00:00:00,US_UT,32,2482,10,640,4,261
2020-12-17 00:00:00,CH_VS,-11,92,-1,17,-4,10
2021-01-13 00:00:00,CH_BE,-16,241,-1,41,-3,33
2020-08-10 00:00:00,US_AR,52,3336,0,,6,443
2020-09-17 00:00:00,US_AR,56,4896,0,,3,619
2020-04-27 00:00:00,CH_AG,2,42,1,15,0,14
2020-08-15 00:00:00,CH_VS,0,11,0,1,0,1
2020-05-04 00:00:00,CH_GR,-2,16,-1,5,-1,5
2020-06-15 00:00:00,CH_BL,0,0,0,0,0,0
2020-11-28 00:00:00,US_UT,81,8029,12,1470,1,533
2020-03-22 00:00:00,CH_VS,9,92,3,11,1,7
2020-05-06 00:00:00,CH_ZH,-1,53,-2,14,-2,7
2020-07-09 00:00:00,US_KS,0,1269,0,397,0,160
2020-09-29 00:00:00,US_UT,50,3807,13,908,1,362
2020-10-28 00:00:00,US_AR,79,6920,0,,6,825
2021-01-04 00:00:00,CH_VS,7,84,-2,10,-2,6
2020-12-20 00:00:00,CH_TI,2,347,1,43,1,38
2020-06-24 00:00:00,CH_BE,-1,1,0,0,0,0
2020-05-12 00:00:00,CH_BL,0,3,0,1,0,1
2020-11-29 00:00:00,US_AR,24,8843,0,,4,975
2020-08-08 00:00:00,US_UT,26,2604,10,667,3,272
2020-05-13 00:00:00,CH_VS,-3,31,0,8,-2,5
2020-03-06 00:00:00,CH_GR,0,0,0,0,0,0
2020-05-01 00:00:00,US_AR,12,414,0,,0,85
2020-07-17 00:00:00,US_UT,28,1984,9,532,6,220
2020-11-13 00:00:00,CH_VS,-12,295,-3,33,-1,24
2021-01-21 00:00:00,CH_BL,-3,26,-1,5,0,5
2020-09-08 00:00:00,CH_GR,0,1,0,0,0,0
2020-04-29 00:00:00,CH_BE,-3,44,3,10,3,10
2020-11-24 00:00:00,US_AR,97,8620,0,,6,951
2020-03-24 00:00:00,CH_TI,24,285,5,50,5,48
2021-01-13 00:00:00,CH_TI,-21,314,-3,52,-3,46
2020-08-03 00:00:00,US_UT,20,2450,2,630,1,257
2020-10-01 00:00:00,CH_NE,0,2,0,0,0,0
2020-10-09 00:00:00,US_KS,64,3185,28,877,4,271
2020-06-24 00:00:00,CH_NE,-1,1,0,0,0,0
2020-09-25 00:00:00,CH_BE,-1,20,0,3,1,2
2020-12-14 00:00:00,CH_TI,14,353,2,43,2,34
2020-09-26 00:00:00,CH_VS,1,28,1,1,0,0
2020-10-13 00:00:00,CH_NE,2,15,0,0,0,0
2020-04-18 00:00:00,CH_TI,-10,244,-1,56,-2,42
2021-02-02 00:00:00,CH_SG,-20,56,-2,20,-6,16
2020-05-19 00:00:00,CH_AG,3,10,3,4,1,2
2020-04-02 00:00:00,CH_GE,18,400,-2,62,-4,54
2020-09-12 00:00:00,CH_GR,0,1,0,0,0,0
2020-12-07 00:00:00,US_AR,44,9445,0,,6,1044
2020-05-28 00:00:00,CH_GR,-2,2,-1,1,-1,1
2020-08-25 00:00:00,US_KS,0,2183,0,590,0,205
2020-11-25 00:00:00,CH_VS,-4,214,-1,34,-1,27
2021-01-22 00:00:00,US_AL,237,40514,5,2500,2,1426
2020-11-11 00:00:00,CH_ZH,-6,374,1,66,0,47
2020-07-05 00:00:00,US_UT,17,1582,2,438,1,195
2020-07-13 00:00:00,CH_LU,-1,3,0,2,0,2
2020-06-21 00:00:00,US_AL,17,2460,4,721,6,424
2020-09-08 00:00:00,CH_ZH,-3,31,-1,11,1,9
2020-05-07 00:00:00,US_KS,16,587,5,218,1,97
2020-12-26 00:00:00,CH_VS,0,63,0,15,-1,8
2020-12-20 00:00:00,US_KS,0,6175,0,1658,0,411
2020-03-11 00:00:00,CH_GE,2,20,2,6,3,4
2020-06-19 00:00:00,US_KS,24,1035,5,338,0,146
2021-01-19 00:00:00,US_AL,0,39504,1,2486,1,1421
2020-07-14 00:00:00,CH_TI,0,4,0,1,0,1
2020-08-29 00:00:00,CH_NE,1,1,0,0,0,0
2020-07-06 00:00:00,CH_BL,1,1,0,0,0,0
2020-12-15 00:00:00,US_KS,0,5895,0,1584,0,409
2020-08-23 00:00:00,CH_GR,0,1,0,0,0,0
2021-01-29 00:00:00,CH_NE,6,25,-2,4,0,3
2020-05-24 00:00:00,CH_BE,0,20,0,3,0,3
2020-10-16 00:00:00,CH_ZH,15,62,1,10,0,7
2020-04-28 00:00:00,US_AL,39,911,0,335,0,195
2020-08-03 00:00:00,CH_NE,0,2,0,0,0,0
2020-05-15 00:00:00,US_AL,27,1377,8,497,2,293
2020-12-18 00:00:00,CH_VS,-2,90,0,17,2,12
2020-10-03 00:00:00,US_UT,40,3956,1,921,1,366
2021-01-26 00:00:00,CH_ZH,-19,239,-5,62,-9,42
2020-08-14 00:00:00,CH_SG,-2,7,-5,0,0,4
2020-12-18 00:00:00,CH_LU,-10,91,0,,-5,12
2020-08-24 00:00:00,US_KS,24,2183,6,590,2,205
2020-05-23 00:00:00,CH_VS,0,19,0,5,0,2
2020-12-16 00:00:00,US_AR,134,10230,0,,18,1117
2020-03-10 00:00:00,CH_GR,0,0,0,0,0,0
2020-06-18 00:00:00,CH_LU,0,7,0,2,0,2
2020-05-04 00:00:00,CH_VS,-5,52,0,10,-1,7
2021-02-05 00:00:00,US_AL,194,43005,2,2566,1,1458
2020-05-17 00:00:00,CH_TI,-2,57,-1,7,-1,4
2020-12-11 00:00:00,US_AL,528,28146,9,2351,8,1349
2020-08-22 00:00:00,CH_VS,0,15,0,1,0,1
2020-05-18 00:00:00,CH_LU,-1,10,0,4,0,4
2020-08-31 00:00:00,US_UT,13,3093,0,776,0,319
2020-02-27 00:00:00,CH_GE,0,1,0,0,0,0
2020-10-31 00:00:00,US_UT,68,5463,21,1138,5,437
2020-04-15 00:00:00,CH_GE,-18,326,-5,41,-4,37
2021-02-07 00:00:00,US_AL,0,43005,1,2576,0,1460
2020-06-02 00:00:00,US_AL,23,1879,0,591,0,355
2020-12-21 00:00:00,US_KS,92,6267,26,1684,0,411
2020-05-19 00:00:00,CH_BL,0,3,0,0,0,0
2021-01-04 00:00:00,US_AL,1057,35430,3,2445,0,1399
2020-05-30 00:00:00,US_AR,35,702,0,,4,123
2021-01-11 00:00:00,CH_SG,-7,124,-1,18,-1,18
2020-07-19 00:00:00,CH_LU,0,7,0,,0,4
2020-07-15 00:00:00,CH_TI,0,4,0,1,0,1
2020-10-12 00:00:00,CH_VS,6,77,1,3,0,1
2020-05-08 00:00:00,CH_AG,-3,16,-1,3,-1,3
2020-07-05 00:00:00,US_AR,0,1536,0,,0,240
2020-06-13 00:00:00,US_UT,24,1012,6,300,2,132
2020-08-22 00:00:00,US_AR,52,3908,0,,3,502
2020-09-02 00:00:00,CH_VS,0,10,0,0,0,0
2020-12-04 00:00:00,CH_GR,4,47,1,9,0,6
2020-03-15 00:00:00,CH_BL,4,12,0,2,0,2
2020-11-02 00:00:00,CH_LU,28,97,2,13,-1,10
2020-06-11 00:00:00,US_KS,0,954,0,316,0,139
2020-10-15 00:00:00,CH_BL,1,4,0,0,0,0
2020-10-14 00:00:00,CH_NE,0,15,0,0,0,0
2020-11-17 00:00:00,US_AR,101,8050,0,,7,909
2020-06-28 00:00:00,CH_VS,0,10,0,1,0,0
2020-05-22 00:00:00,US_KS,27,787,11,269,4,120
2020-07-10 00:00:00,US_KS,35,1304,8,405,0,160
2020-04-07 00:00:00,CH_AG,6,88,0,25,1,25
2020-07-07 00:00:00,CH_ZH,1,13,0,2,0,2
2020-10-19 00:00:00,CH_LU,9,22,1,2,1,2
2020-10-06 00:00:00,CH_BL,0,0,0,0,0,0
2020-07-27 00:00:00,CH_GR,0,1,0,0,0,0
2021-01-15 00:00:00,US_UT,102,12351,10,1967,2,677
2020-06-20 00:00:00,CH_BL,0,0,0,0,0,0
2021-01-23 00:00:00,CH_BL,0,25,1,6,0,5
2020-08-14 00:00:00,US_AL,0,12456,13,1305,9,716
2020-08-06 00:00:00,US_UT,35,2554,7,657,1,266
2020-11-24 00:00:00,US_KS,0,4777,0,1294,0,377
2020-06-18 00:00:00,US_UT,18,1120,5,326,3,145
2020-05-20 00:00:00,CH_GE,-2,14,1,1,-1,0
2021-01-24 00:00:00,CH_VS,14,136,1,11,0,8
2020-08-31 00:00:00,CH_BL,-1,2,0,1,0,1
2020-04-13 00:00:00,US_AL,20,457,0,189,0,119
2020-12-03 00:00:00,CH_ZH,-3,397,3,92,-6,60
2020-08-26 00:00:00,CH_VS,-1,11,0,1,0,1
2020-10-14 00:00:00,US_AR,79,6148,0,,8,755
2020-08-27 00:00:00,US_AL,0,14005,18,1430,12,782
2021-01-30 00:00:00,CH_ZH,-6,216,-5,55,0,36
2020-10-02 00:00:00,CH_BE,3,28,0,1,0,1
2020-07-24 00:00:00,CH_LU,1,6,0,3,0,3
2020-10-15 00:00:00,CH_VS,1,88,1,3,0,1
2020-04-15 00:00:00,US_WV,0,164,0,73,0,50
2021-01-12 00:00:00,CH_ZH,-8,393,-8,79,-1,56
2020-11-27 00:00:00,US_AL,50,24451,1,2228,2,1284
2020-08-27 00:00:00,CH_VS,-1,10,-1,0,-1,0
2020-03-12 00:00:00,CH_BL,6,9,2,3,2,3
2020-12-01 00:00:00,CH_BE,3,333,4,56,4,44
2020-11-15 00:00:00,CH_ZH,8,347,2,75,3,52
2020-04-08 00:00:00,CH_BL,-1,65,0,18,0,17
2020-06-12 00:00:00,US_UT,20,988,12,294,7,130
2020-06-11 00:00:00,CH_TI,0,10,0,0,0,0
2020-11-10 00:00:00,CH_BE,29,427,9,62,1,42
2020-07-09 00:00:00,US_AR,50,1705,0,,30,284
2020-07-27 00:00:00,US_KS,48,1644,6,465,5,171
2020-05-01 00:00:00,CH_GR,0,21,0,6,0,6
2020-10-30 00:00:00,CH_LU,8,69,4,11,1,11
2020-06-08 00:00:00,US_UT,18,918,1,270,1,112
2020-06-04 00:00:00,US_AR,26,757,0,,3,127
2020-11-22 00:00:00,CH_SG,-2,161,4,34,3,25
2020-10-03 00:00:00,CH_ZH,1,32,0,8,0,8
2021-01-17 00:00:00,CH_BL,-3,24,1,5,1,5
2020-12-03 00:00:00,CH_TI,-7,329,-3,36,-3,24
2020-06-14 00:00:00,US_AL,14,2255,3,675,0,395
2020-07-13 00:00:00,CH_TI,0,4,0,1,0,1
2020-03-25 00:00:00,CH_ZH,8,146,0,0,2,28
2020-09-09 00:00:00,CH_SG,2,9,1,2,1,1
2020-04-25 00:00:00,CH_GE,-8,253,1,27,1,26
2020-04-13 00:00:00,CH_NE,0,67,0,10,0,10
2020-04-12 00:00:00,CH_BE,-4,95,0,33,-2,22
2020-07-18 00:00:00,US_UT,30,2014,9,541,2,222
2020-06-14 00:00:00,CH_GR,0,1,0,0,0,0
2020-09-11 00:00:00,CH_ZH,-1,25,0,10,0,8
2020-11-22 00:00:00,CH_NE,4,145,3,17,2,14
2020-10-17 00:00:00,US_AL,0,18855,7,1933,3,1102
2020-12-14 00:00:00,CH_VS,-5,97,-3,20,0,15
2020-09-15 00:00:00,CH_ZH,3,28,0,10,0,9
2020-09-04 00:00:00,CH_NE,1,1,0,0,0,0
2020-08-24 00:00:00,CH_TI,1,1,0,0,0,0
2020-09-11 00:00:00,US_AL,188,15527,21,1593,13,877
2020-06-24 00:00:00,US_UT,30,1256,11,355,1,154
2020-07-06 00:00:00,CH_NE,0,2,0,0,0,0
2021-02-01 00:00:00,US_AR,41,13651,0,,5,1426
2020-11-11 00:00:00,CH_BL,1,74,1,6,0,3
2020-10-08 00:00:00,US_UT,54,4167,6,947,5,376
2020-08-26 00:00:00,US_KS,43,2226,13,603,1,206
2020-07-25 00:00:00,CH_BL,0,0,0,0,0,0
2020-04-26 00:00:00,US_AR,0,291,0,,0,57
2020-07-16 00:00:00,CH_ZH,-1,23,-1,8,0,6
2020-11-11 00:00:00,CH_NE,-2,150,-1,19,0,13
2020-05-16 00:00:00,CH_NE,-1,10,0,1,0,1
2020-05-04 00:00:00,CH_BE,-6,35,-2,8,0,7
2020-09-24 00:00:00,CH_LU,1,8,1,1,1,1
2021-01-13 00:00:00,CH_LU,7,117,0,,4,19
2020-08-18 00:00:00,US_AR,74,3695,0,,6,478
2020-12-15 00:00:00,CH_ZH,-14,521,1,98,0,71
2020-05-11 00:00:00,US_KS,3,660,2,233,0,101
2020-03-26 00:00:00,CH_TI,52,358,3,60,1,56
2020-04-26 00:00:00,CH_TI,-6,192,-3,37,-4,26
2020-04-24 00:00:00,US_AL,0,768,0,288,0,170
2020-09-03 00:00:00,CH_BL,-1,0,0,0,0,0
2020-04-09 00:00:00,CH_BE,-10,117,1,36,0,27
2020-12-02 00:00:00,CH_NE,-7,121,-1,9,-1,4
2020-05-08 00:00:00,CH_LU,-2,14,0,6,0,6
2020-12-10 00:00:00,US_AR,34,9709,0,,3,1071
2020-09-19 00:00:00,US_KS,0,2671,0,734,0,230
2020-11-06 00:00:00,CH_ZH,4,330,3,55,5,44
2020-08-24 00:00:00,CH_VS,-1,13,0,1,0,1
2020-07-25 00:00:00,US_AL,0,9157,11,1069,2,567
2020-04-04 00:00:00,CH_TI,-7,363,-3,72,0,67
2020-03-03 00:00:00,CH_GE,1,4,0,0,0,0
2021-01-06 00:00:00,CH_SG,-5,163,-2,21,1,20
2020-10-05 00:00:00,US_KS,53,3036,10,827,2,261
2020-06-09 00:00:00,CH_GR,0,0,0,0,0,0
2020-04-02 00:00:00,CH_GR,1,60,0,11,0,11
2020-12-07 00:00:00,US_KS,92,5509,21,1474,0,409
2020-07-28 00:00:00,CH_NE,-1,1,0,0,0,0
2021-01-08 00:00:00,CH_GR,1,38,0,5,0,5
2020-11-13 00:00:00,CH_GR,3,63,0,8,0,7
2020-12-29 00:00:00,CH_GR,6,52,0,7,0,5
2020-10-19 00:00:00,CH_VS,-4,84,1,7,-1,2
2020-04-03 00:00:00,CH_TI,-4,370,0,75,-6,67
2020-03-26 00:00:00,CH_VS,10,129,4,19,3,17
2020-08-27 00:00:00,US_AR,43,4104,0,,8,533
2020-08-26 00:00:00,CH_BE,0,4,0,1,0,1
2020-06-11 00:00:00,US_AR,24,925,0,,3,150
2020-08-21 00:00:00,CH_TI,0,0,0,0,0,0
2020-06-03 00:00:00,US_AL,21,1900,0,591,0,355
2020-07-15 00:00:00,US_AL,168,7291,10,941,3,514
2020-05-28 00:00:00,CH_BE,0,11,0,2,0,1
2020-10-20 00:00:00,US_UT,65,4753,8,1030,2,403
2020-11-28 00:00:00,US_AL,219,24670,3,2231,2,1286
2020-11-16 00:00:00,US_KS,104,4431,21,1205,7,355
2020-07-27 00:00:00,CH_NE,0,2,0,0,0,0
2020-12-30 00:00:00,CH_ZH,-22,492,-8,97,-2,69
2020-03-30 00:00:00,CH_VS,1,154,3,25,2,23
2020-06-15 00:00:00,CH_GR,-1,0,0,0,0,0
2020-12-24 00:00:00,US_AR,53,10879,0,,3,1166
2020-04-30 00:00:00,US_KS,8,523,3,201,5,93
2021-02-06 00:00:00,CH_VS,-2,119,-2,12,0,9
2020-10-09 00:00:00,US_UT,53,4220,10,957,4,380
2020-11-05 00:00:00,CH_BE,3,346,-2,43,1,36
2020-09-16 00:00:00,CH_GR,0,1,0,0,0,0
2020-07-07 00:00:00,CH_VS,-2,8,0,1,0,0
2020-04-13 00:00:00,CH_GE,4,346,0,47,-1,42
2020-12-07 00:00:00,CH_LU,10,97,0,,2,15
2021-01-06 00:00:00,CH_VS,4,83,2,10,1,7
2020-09-03 00:00:00,CH_NE,0,0,0,0,0,0
2020-04-18 00:00:00,US_AR,161,291,0,,18,57
2020-04-16 00:00:00,CH_ZH,-1,135,0,0,1,51
2020-12-16 00:00:00,CH_TI,-17,337,-2,40,-1,34
2020-09-14 00:00:00,US_KS,35,2572,13,703,2,221
2020-06-27 00:00:00,CH_GR,0,0,0,0,0,0
2020-04-14 00:00:00,CH_VS,-7,100,-1,20,-1,11
2020-09-06 00:00:00,CH_SG,1,8,0,1,0,0
2020-05-02 00:00:00,CH_NE,0,26,0,2,0,2
2020-06-03 00:00:00,CH_BL,0,0,0,0,0,0
2020-08-12 00:00:00,US_AR,71,3472,0,,5,455
2020-11-14 00:00:00,CH_TI,-6,330,-2,31,-1,24
2020-06-25 00:00:00,CH_GE,0,8,0,2,2,2
2021-01-19 00:00:00,CH_SG,-6,100,0,16,0,16
2020-05-14 00:00:00,US_UT,5,558,5,187,2,83
2020-08-06 00:00:00,CH_GR,0,1,0,0,0,0
2020-04-27 00:00:00,US_AL,27,872,47,335,25,195
2020-03-01 00:00:00,CH_TI,0,0,0,0,0,0
2020-06-21 00:00:00,CH_TI,0,6,0,0,0,0
2020-05-06 00:00:00,CH_VS,-3,45,0,8,-1,5
2020-05-06 00:00:00,CH_AG,1,24,0,5,1,5
2020-09-28 00:00:00,CH_LU,0,8,-1,0,-1,0
2020-10-06 00:00:00,CH_LU,0,6,0,1,0,1
2020-03-05 00:00:00,CH_TI,0,0,0,0,0,0
2020-09-18 00:00:00,CH_BE,-2,10,1,3,0,1
2020-09-06 00:00:00,CH_NE,0,1,0,0,0,0
2020-04-06 00:00:00,CH_TI,-5,357,-2,72,1,62
2020-05-23 00:00:00,US_KS,0,787,0,269,0,120
2020-10-27 00:00:00,US_AL,0,19974,10,2035,5,1164
2020-07-17 00:00:00,CH_BL,1,3,0,0,0,0
2020-09-11 00:00:00,US_AR,72,4678,0,,8,597
2020-09-07 00:00:00,CH_SG,0,8,0,1,0,0
2020-06-26 00:00:00,CH_TI,0,5,0,0,0,0
2020-04-15 00:00:00,CH_ZH,-13,136,0,0,-2,50
2020-10-07 00:00:00,CH_SG,-1,11,-2,3,0,2
2020-07-02 00:00:00,US_UT,29,1505,7,430,3,190
2020-11-20 00:00:00,CH_LU,7,95,0,,1,17
2020-07-14 00:00:00,CH_VS,0,8,-1,1,0,0
2020-07-26 00:00:00,CH_NE,0,2,0,0,0,0
2020-05-03 00:00:00,CH_TI,-2,132,0,23,0,16
2021-01-22 00:00:00,US_UT,81,12884,16,2044,4,698
2020-08-12 00:00:00,US_KS,64,1975,14,548,1,195
2020-07-24 00:00:00,US_UT,38,2188,6,574,3,237
2021-01-30 00:00:00,CH_GR,0,32,0,8,0,7
2020-05-05 00:00:00,US_KS,13,566,3,212,0,95
2020-12-01 00:00:00,US_UT,144,8279,22,1498,10,543
2020-10-23 00:00:00,US_AR,152,6678,0,,11,807
2020-12-25 00:00:00,US_AR,48,10927,0,,5,1171
2020-06-07 00:00:00,CH_ZH,0,7,0,2,0,1
2020-04-01 00:00:00,CH_NE,7,66,0,14,0,8
2020-11-04 00:00:00,CH_LU,-6,94,2,15,2,15
2020-04-16 00:00:00,CH_GE,-3,323,-3,38,-4,33
2020-08-08 00:00:00,US_AL,0,11537,9,1228,3,661
2020-05-16 00:00:00,CH_GE,-7,160,-2,5,-1,5
2020-04-28 00:00:00,US_AR,0,291,0,,0,57
2020-05-02 00:00:00,CH_VS,0,56,0,10,0,8
2021-01-02 00:00:00,CH_GR,0,50,-1,7,1,6
2020-03-29 00:00:00,CH_NE,10,60,5,16,-2,6
2020-04-27 00:00:00,CH_LU,0,21,0,7,0,7
2021-02-07 00:00:00,CH_SG,-12,58,-4,16,-2,16
2020-07-16 00:00:00,US_AR,46,1994,0,,7,286
2020-10-12 00:00:00,US_AL,0,18179,2,1892,1,1068
2020-06-05 00:00:00,CH_NE,1,3,1,1,0,0
2020-06-05 00:00:00,CH_LU,0,8,0,,0,5
2020-11-17 00:00:00,CH_VS,-6,277,1,33,2,25
2020-04-15 00:00:00,US_AL,32,525,9,219,2,134
2021-01-05 00:00:00,US_KS,0,6955,0,1876,0,412
2020-12-31 00:00:00,US_AR,87,11358,0,,11,1223
2020-08-06 00:00:00,CH_NE,0,1,0,0,0,0
2020-12-14 00:00:00,US_UT,65,9486,5,1641,4,585
2020-07-13 00:00:00,US_UT,26,1850,1,487,1,208
2020-08-17 00:00:00,CH_TI,0,1,0,0,0,0
2020-08-04 00:00:00,CH_VS,0,8,0,1,0,1
2021-01-18 00:00:00,US_UT,58,12576,0,1980,0,679
2021-02-07 00:00:00,CH_VS,1,120,1,13,0,9
2020-08-16 00:00:00,CH_VS,0,11,0,1,0,1
2020-08-10 00:00:00,CH_TI,-1,1,0,0,0,0
2020-04-10 00:00:00,CH_LU,-1,22,0,6,0,6
2020-04-27 00:00:00,CH_GE,1,255,1,26,0,24
2020-06-04 00:00:00,CH_ZH,0,9,0,5,0,1
2020-05-10 00:00:00,CH_NE,-4,13,-1,1,0,1
2021-01-06 00:00:00,US_AL,629,36059,3,2448,4,1404
2020-05-15 00:00:00,CH_GE,1,167,1,7,0,6
2020-05-08 00:00:00,US_KS,21,608,5,223,2,99
2020-09-02 00:00:00,US_AL,215,14753,14,1501,10,827
2020-09-16 00:00:00,CH_BL,0,3,0,0,0,0
2020-08-17 00:00:00,CH_BE,-3,7,0,1,0,1
2020-03-02 00:00:00,CH_GR,0,0,0,0,0,0
2020-10-29 00:00:00,CH_GR,2,38,0,6,0,6
2021-01-16 00:00:00,CH_NE,1,32,0,7,-2,2
2020-11-17 00:00:00,US_AL,0,22716,5,2158,2,1246
2020-10-28 00:00:00,CH_BL,-1,30,0,5,0,4
2020-05-05 00:00:00,CH_VS,-4,48,-2,8,-1,6
2020-06-04 00:00:00,CH_TI,-2,18,0,1,0,1
2020-07-06 00:00:00,US_AR,39,1575,0,,5,245
2021-01-03 00:00:00,CH_ZH,24,479,-3,98,2,69
2020-06-20 00:00:00,CH_GR,0,0,0,0,0,0
2021-01-25 00:00:00,US_AL,555,41069,0,2511,0,1433
2020-06-16 00:00:00,CH_ZH,-1,8,-1,0,0,0
2021-01-13 00:00:00,US_UT,101,12160,12,1945,5,673
2020-06-21 00:00:00,CH_GR,0,0,0,0,0,0
2020-07-01 00:00:00,US_KS,0,1152,7,367,0,152
2020-04-02 00:00:00,CH_BE,-11,104,-2,24,-1,20
2020-04-04 00:00:00,CH_BE,4,113,5,35,2,28
2021-01-31 00:00:00,US_AR,11,13610,0,,0,1421
2021-01-28 00:00:00,CH_BE,-6,135,-3,26,-4,22
2020-05-20 00:00:00,CH_BE,-1,24,1,3,1,3
2020-12-29 00:00:00,CH_LU,19,129,0,,0,18
2020-09-14 00:00:00,US_AR,17,4736,0,,2,603
2020-12-22 00:00:00,CH_ZH,-30,508,3,101,2,72
2020-10-25 00:00:00,US_AR,11,6718,0,,0,808
2021-01-25 00:00:00,CH_GR,3,30,0,6,0,6
2020-05-06 00:00:00,CH_NE,1,22,0,3,0,2
2021-01-13 00:00:00,CH_GR,-5,43,1,7,0,6
2020-04-21 00:00:00,CH_NE,-7,37,-3,7,-1,4
2020-09-17 00:00:00,CH_VS,-1,18,0,0,0,0
2020-12-29 00:00:00,CH_ZH,16,514,5,105,4,71
2020-10-24 00:00:00,US_KS,0,3584,0,1001,0,309
2020-10-02 00:00:00,US_AR,43,5488,0,,3,681
2020-03-23 00:00:00,CH_TI,15,261,-1,45,0,43
2020-06-24 00:00:00,CH_GR,0,1,0,0,0,0
2020-10-12 00:00:00,CH_ZH,1,51,2,9,3,7
2020-07-02 00:00:00,CH_LU,0,5,0,2,0,2
2020-08-08 00:00:00,CH_NE,0,1,0,0,0,0
2020-11-23 00:00:00,US_UT,70,7602,2,1400,0,516
2020-04-16 00:00:00,CH_GR,1,37,1,8,1,7
2020-05-21 00:00:00,US_AR,0,535,0,,0,101
2020-06-14 00:00:00,US_UT,16,1028,2,302,2,134
2020-04-18 00:00:00,CH_VS,-1,84,2,18,0,10
2020-11-12 00:00:00,CH_BE,7,410,-7,57,-2,44
2020-04-22 00:00:00,CH_NE,0,37,-1,6,0,4
2020-12-11 00:00:00,US_AR,139,9848,0,,18,1089
2020-07-16 00:00:00,CH_GR,0,1,0,0,0,0
2020-12-13 00:00:00,CH_ZH,28,517,8,99,2,66
2020-04-30 00:00:00,CH_GE,-4,234,-2,19,-1,18
2020-06-25 00:00:00,CH_LU,0,6,0,1,0,1
2020-12-18 00:00:00,US_AL,665,30224,1,2384,2,1371
2020-12-27 00:00:00,US_UT,62,10584,3,1780,0,625
2020-03-05 00:00:00,CH_VS,-2,11,0,0,0,0
2020-04-12 00:00:00,CH_LU,-1,20,-1,5,0,5
2020-11-20 00:00:00,US_AL,154,23449,7,2189,4,1265
2021-02-01 00:00:00,CH_BE,14,132,4,28,0,20
2020-05-14 00:00:00,CH_VS,-2,29,0,8,0,5
2020-12-15 00:00:00,US_AL,346,29259,11,2374,7,1360
2020-04-29 00:00:00,CH_GE,-22,238,-2,21,-2,19
2020-04-14 00:00:00,CH_NE,-7,60,1,11,0,10
2020-08-09 00:00:00,US_AL,0,11537,14,1242,13,674
2020-10-24 00:00:00,CH_GR,-2,12,1,4,1,4
2020-04-30 00:00:00,CH_NE,-1,25,1,5,0,4
2020-07-28 00:00:00,US_KS,0,1644,0,465,0,171
2020-11-28 00:00:00,CH_GR,2,42,0,9,0,5
2020-10-17 00:00:00,CH_GR,-1,6,-1,2,0,1
2020-12-22 00:00:00,CH_NE,-7,44,1,8,1,4
2021-01-25 00:00:00,CH_NE,1,24,0,4,0,4
2020-11-01 00:00:00,CH_TI,3,168,0,11,1,8
2020-12-14 00:00:00,CH_LU,5,92,0,,1,15
2020-10-11 00:00:00,US_AL,0,18179,1,1890,2,1067
2020-11-18 00:00:00,CH_VS,-17,260,1,34,2,27
2020-10-05 00:00:00,US_AR,36,5586,0,,5,696
2020-08-10 00:00:00,US_KS,36,1911,8,534,1,194
2020-11-08 00:00:00,US_KS,0,4067,0,1122,0,337
2020-12-09 00:00:00,US_AR,98,9675,0,,8,1068
2020-07-26 00:00:00,CH_BL,1,1,0,0,0,0
2020-04-16 00:00:00,CH_TI,-16,249,-1,59,-1,49
2020-10-09 00:00:00,US_AR,0,5805,0,,0,723
2020-07-06 00:00:00,US_KS,16,1235,7,384,2,158
2020-08-08 00:00:00,CH_ZH,1,26,0,7,0,6
2020-08-04 00:00:00,US_AL,235,11100,20,1173,15,634
2021-01-14 00:00:00,CH_BE,-11,230,3,44,1,34
2020-11-07 00:00:00,US_AR,14,7415,0,,2,865
2020-04-14 00:00:00,CH_GR,0,34,0,6,0,5
2020-09-09 00:00:00,CH_LU,0,6,0,1,0,1
2020-10-20 00:00:00,CH_BL,2,12,1,2,2,2
2020-10-24 00:00:00,US_UT,58,4997,6,1062,2,417
2020-07-03 00:00:00,US_AL,48,2883,12,838,6,474
2020-11-17 00:00:00,CH_SG,-5,185,-1,27,0,21
2020-09-23 00:00:00,US_AR,43,5098,0,,2,640
2020-06-30 00:00:00,US_AL,44,2769,5,806,1,458
2020-03-21 00:00:00,CH_GE,28,132,3,25,3,24
2021-01-04 00:00:00,US_KS,52,6955,14,1876,0,412
2020-07-22 00:00:00,CH_ZH,-2,24,0,5,0,3
2020-06-02 00:00:00,CH_NE,0,2,0,0,0,0
2020-05-11 00:00:00,CH_LU,-2,12,-1,5,-1,5
2020-06-26 00:00:00,US_AR,55,1300,0,,9,203
2020-11-13 00:00:00,US_UT,104,6591,17,1294,5,485
2020-05-06 00:00:00,US_KS,5,571,1,213,1,96
2020-09-26 00:00:00,CH_ZH,-1,32,1,11,0,8
2021-01-30 00:00:00,CH_BL,-1,16,-1,4,-1,3
2020-08-24 00:00:00,US_UT,15,2941,1,744,0,298
2020-12-21 00:00:00,CH_VS,7,86,0,18,2,15
2020-09-28 00:00:00,CH_VS,1,30,0,1,1,1
2021-01-22 00:00:00,CH_BL,-1,25,0,5,0,5
2020-10-25 00:00:00,CH_SG,20,110,1,12,0,6
2020-12-20 00:00:00,CH_GR,3,39,-2,5,-1,4
2020-05-29 00:00:00,CH_GR,0,2,0,1,0,1
2020-05-17 00:00:00,CH_LU,0,11,0,,0,4
2020-09-25 00:00:00,CH_GR,0,3,0,0,0,0
2020-10-12 00:00:00,CH_NE,2,13,0,0,0,0
2020-06-26 00:00:00,CH_BE,0,1,0,0,0,0
2020-06-30 00:00:00,CH_VS,1,10,0,2,0,0
2021-01-25 00:00:00,US_UT,38,13054,0,2054,1,709
2020-08-04 00:00:00,CH_NE,-1,1,0,0,0,0
2020-09-18 00:00:00,CH_ZH,-2,25,-1,10,-1,8
2020-12-06 00:00:00,CH_TI,1,351,-1,38,1,24
2021-01-05 00:00:00,CH_SG,1,168,-1,23,-2,19
2020-05-26 00:00:00,CH_ZH,-4,19,-2,6,0,1
2020-07-30 00:00:00,CH_LU,1,9,2,5,2,5
2021-01-14 00:00:00,CH_GR,0,43,1,8,2,8
2020-04-19 00:00:00,CH_BE,7,78,-2,20,1,13
2021-01-09 00:00:00,CH_VS,0,94,-1,12,-1,7
2020-06-15 00:00:00,US_AL,4,2259,1,676,0,395
2020-06-02 00:00:00,CH_AG,0,4,0,1,0,1
2020-09-05 00:00:00,CH_VS,0,11,0,0,0,0
2021-02-03 00:00:00,CH_GR,-1,29,0,8,-1,7
2020-03-31 00:00:00,CH_TI,-14,401,-1,74,6,67
2020-11-29 00:00:00,CH_VS,-5,173,-2,29,-3,21
2020-03-17 00:00:00,CH_GR,0,9,0,1,0,1
2020-04-11 00:00:00,CH_ZH,-3,149,0,0,0,50
2020-05-19 00:00:00,US_AL,37,1453,5,517,4,306
2020-04-14 00:00:00,CH_BL,0,48,-2,14,-4,8
2020-11-11 00:00:00,CH_GR,7,64,2,8,1,7
2020-05-11 00:00:00,CH_BE,0,36,0,7,0,6
2020-10-14 00:00:00,CH_GR,2,5,1,2,1,1
2020-12-01 00:00:00,CH_GR,4,46,-1,8,0,6
2020-09-18 00:00:00,CH_TI,0,1,0,0,0,0
2020-10-30 00:00:00,CH_BL,1,30,0,4,0,4
2020-10-17 00:00:00,CH_VS,1,86,0,4,0,2
2020-08-04 00:00:00,CH_ZH,-1,35,0,6,0,4
2020-12-17 00:00:00,CH_GR,-1,45,2,9,0,6
2020-10-05 00:00:00,CH_GR,0,2,0,0,0,0
2021-01-05 00:00:00,CH_NE,2,51,-1,4,0,3
2020-03-19 00:00:00,CH_GR,5,18,0,2,0,2
2021-02-07 00:00:00,US_KS,0,8680,0,2361,0,411
2020-07-30 00:00:00,US_KS,0,1700,0,483,0,174
2020-11-04 00:00:00,CH_NE,10,120,1,18,1,11
2021-01-09 00:00:00,US_UT,99,11778,8,1897,3,660
2020-11-07 00:00:00,CH_TI,24,267,0,21,4,20
2020-04-10 00:00:00,CH_GE,-11,355,0,47,2,47
2020-07-08 00:00:00,CH_VS,0,8,0,1,0,0
2020-05-01 00:00:00,CH_TI,-20,142,-5,25,-3,20
2020-06-29 00:00:00,CH_GR,0,0,0,0,0,0
2020-09-09 00:00:00,US_UT,21,3263,9,812,2,336
2020-05-08 00:00:00,CH_GR,-1,13,0,6,0,5
2020-03-30 00:00:00,CH_GE,20,358,-2,57,-1,54
2021-01-20 00:00:00,CH_TI,-22,232,-3,32,-4,26
2020-09-05 00:00:00,US_KS,0,2415,0,661,0,211
2020-12-05 00:00:00,CH_ZH,18,411,0,85,-1,63
2020-11-14 00:00:00,CH_GR,9,72,2,10,3,10
2020-11-07 00:00:00,CH_GR,2,49,-2,8,0,8
2020-04-19 00:00:00,CH_NE,-1,43,-1,9,-4,4
2020-08-09 00:00:00,US_AR,61,3284,0,,2,437
2020-10-27 00:00:00,CH_GR,5,32,1,6,1,6
2020-10-19 00:00:00,CH_ZH,13,84,0,10,-1,5
2020-09-01 00:00:00,US_KS,0,2304,0,628,0,209
2020-05-08 00:00:00,CH_BL,-1,5,0,1,0,1
2020-07-10 00:00:00,US_AL,50,3089,11,888,3,493
2020-03-13 00:00:00,CH_VS,2,30,0,1,0,1
2020-03-23 00:00:00,CH_VS,12,104,1,12,2,9
2020-09-18 00:00:00,US_AL,148,16227,7,1638,4,904
2020-12-26 00:00:00,US_AR,29,10956,0,,-1,1170
2020-04-09 00:00:00,CH_NE,-5,58,0,10,0,7
2020-07-04 00:00:00,US_KS,0,1219,0,377,0,156
2020-05-29 00:00:00,CH_NE,0,2,0,0,0,0
2020-04-10 00:00:00,US_AR,0,130,0,43,0,39
2020-11-10 00:00:00,CH_ZH,21,380,-4,65,1,47
2020-06-07 00:00:00,CH_VS,0,15,0,3,0,2
2020-08-07 00:00:00,US_KS,54,1875,10,526,3,193
2020-09-16 00:00:00,CH_SG,0,9,0,1,0,1
2020-04-17 00:00:00,CH_GR,-4,33,-1,7,-1,6
2020-07-12 00:00:00,CH_BL,1,3,0,0,0,0
2020-12-01 00:00:00,US_AR,84,9021,0,,5,994
2020-09-04 00:00:00,CH_BL,0,0,0,0,0,0
2020-08-21 00:00:00,CH_ZH,-5,25,-1,9,-1,7
2020-07-03 00:00:00,CH_BL,0,0,0,0,0,0
2020-12-23 00:00:00,US_AR,175,10826,0,,16,1163
2020-10-07 00:00:00,CH_GR,0,2,0,0,0,0
2020-10-18 00:00:00,CH_BL,0,8,0,0,0,0
2020-10-08 00:00:00,CH_BL,0,0,0,0,0,0
2021-01-07 00:00:00,CH_SG,-15,148,-4,17,-3,17
2020-05-28 00:00:00,CH_AG,1,6,0,1,0,1
2020-03-25 00:00:00,CH_GR,2,45,3,8,3,6
2020-12-07 00:00:00,CH_ZH,26,456,0,80,3,63
2020-10-21 00:00:00,CH_SG,9,71,3,11,0,4
2020-10-23 00:00:00,CH_BL,2,19,0,4,0,4
2020-03-13 00:00:00,CH_TI,0,0,0,0,0,0
2020-12-21 00:00:00,CH_GR,-1,38,0,5,0,4
2020-12-23 00:00:00,CH_NE,-5,39,-2,6,0,4
2020-07-01 00:00:00,CH_LU,-1,5,1,2,1,2
2020-03-07 00:00:00,CH_TI,0,0,0,0,0,0
2020-04-28 00:00:00,CH_NE,-2,26,0,3,0,3
2020-07-17 00:00:00,US_AR,76,2070,0,,12,298
2020-07-07 00:00:00,CH_BE,0,3,0,1,0,1
2020-06-08 00:00:00,CH_BL,0,0,0,0,0,0
2020-07-29 00:00:00,US_AR,61,2747,0,,10,387
2020-08-11 00:00:00,US_AR,65,3401,0,,7,450
2021-01-31 00:00:00,US_UT,41,13468,1,2114,0,731
2020-09-07 00:00:00,CH_NE,1,2,0,0,0,0
2020-12-16 00:00:00,CH_VS,-9,103,-1,18,-1,14
2021-01-07 00:00:00,CH_VS,9,92,0,10,1,8
2020-08-13 00:00:00,CH_LU,1,10,0,4,0,4
2020-09-22 00:00:00,US_KS,0,2706,0,741,0,230
2020-08-01 00:00:00,US_AL,0,10521,6,1150,3,616
2020-04-24 00:00:00,CH_BL,-8,24,-1,2,-1,1
2021-01-25 00:00:00,CH_BL,0,25,0,6,0,5
2020-08-10 00:00:00,US_UT,22,2642,4,673,1,275
2020-08-01 00:00:00,CH_BL,-1,2,0,1,0,0
2020-06-10 00:00:00,US_AR,36,901,0,,3,147
2020-06-07 00:00:00,US_AL,29,2022,3,615,1,364
2020-06-30 00:00:00,CH_TI,0,4,0,0,0,0
2020-05-02 00:00:00,CH_ZH,-2,41,-1,19,-1,13
2020-08-22 00:00:00,CH_BL,0,1,0,1,0,1
2021-01-14 00:00:00,US_AL,221,38450,4,2470,2,1412
2020-06-28 00:00:00,CH_ZH,0,8,0,5,0,0
2020-11-15 00:00:00,CH_TI,14,344,2,33,-4,20
2021-01-17 00:00:00,CH_GR,-2,39,0,8,0,8
2020-08-07 00:00:00,CH_GR,0,1,0,0,0,0
2020-08-10 00:00:00,CH_NE,-1,0,0,0,0,0
2020-09-27 00:00:00,CH_BL,-1,0,0,0,0,0
2020-05-18 00:00:00,CH_NE,-1,11,-1,2,0,1
2020-05-12 00:00:00,CH_LU,0,12,0,5,-1,4
2020-06-05 00:00:00,CH_VS,0,15,0,3,0,2
2020-10-09 00:00:00,CH_VS,4,62,0,2,0,1
2020-05-15 00:00:00,CH_BE,-2,27,0,5,-1,4
2020-06-15 00:00:00,CH_VS,0,13,0,2,0,0
2020-11-19 00:00:00,US_AR,129,8268,0,,9,925
2020-11-26 00:00:00,US_AR,0,8711,0,,0,960
2020-11-08 00:00:00,CH_VS,16,344,3,37,3,24
2021-01-16 00:00:00,CH_BL,-8,27,-2,4,-1,4
2020-10-07 00:00:00,CH_ZH,-3,23,0,6,-1,4
2020-09-07 00:00:00,US_KS,26,2441,8,669,3,214
2021-01-20 00:00:00,CH_LU,-6,88,0,,-1,12
2021-01-11 00:00:00,CH_TI,-7,352,-1,51,-2,44
2020-05-14 00:00:00,CH_NE,-1,11,0,1,0,1
2020-09-13 00:00:00,US_AR,41,4719,0,,4,601
2020-05-20 00:00:00,CH_GR,0,4,0,2,0,2
2020-12-20 00:00:00,US_AR,15,10502,0,,0,1136
2020-11-20 00:00:00,CH_BE,5,390,-6,67,-6,56
2020-12-10 00:00:00,CH_GR,-4,42,0,9,0,7
2020-08-10 00:00:00,CH_BE,-1,10,0,3,0,1
2020-04-09 00:00:00,CH_VS,-5,118,-2,24,-1,19
2020-07-18 00:00:00,US_KS,0,1453,0,427,0,161
2020-06-27 00:00:00,US_UT,44,1365,13,388,5,166
2020-06-15 00:00:00,US_AR,5,1003,0,,1,163
2020-05-06 00:00:00,US_AR,0,453,0,,0,89
2020-09-21 00:00:00,CH_ZH,-4,23,-3,8,-2,6
2020-07-02 00:00:00,US_AR,29,1477,0,,7,231
2020-06-05 00:00:00,CH_BL,0,0,0,0,0,0
2020-05-14 00:00:00,US_KS,0,704,0,238,0,108
2020-11-02 00:00:00,US_KS,61,3893,15,1082,5,328
2020-10-04 00:00:00,CH_VS,4,47,0,1,0,1
2020-05-08 00:00:00,US_UT,12,488,3,162,0,73
2020-08-11 00:00:00,CH_NE,0,0,0,0,0,0
2020-11-20 00:00:00,CH_BL,-3,70,1,7,0,3
2020-10-31 00:00:00,US_KS,0,3832,0,1067,0,323
2020-09-22 00:00:00,CH_VS,0,22,0,0,0,0
2020-12-27 00:00:00,US_AL,0,32115,0,2421,1,1388
2021-01-30 00:00:00,US_KS,0,8417,0,2290,0,412
2020-07-23 00:00:00,US_KS,0,1545,0,450,0,164
2020-05-30 00:00:00,CH_TI,-9,33,0,1,0,1
2020-10-19 00:00:00,CH_BE,18,82,1,12,0,5
2020-12-02 00:00:00,CH_SG,14,174,1,27,2,23
2020-03-07 00:00:00,CH_BL,0,4,0,2,0,2
2020-09-22 00:00:00,CH_BL,1,3,0,0,0,0
2020-04-12 00:00:00,CH_GR,0,35,1,7,0,5
2020-11-01 00:00:00,CH_GR,-1,33,0,6,0,5
2021-01-21 00:00:00,CH_BE,-18,173,4,38,-1,28
2020-08-27 00:00:00,CH_LU,1,10,0,3,0,3
2020-05-08 00:00:00,CH_GE,-6,199,-4,11,-4,9
2020-09-18 00:00:00,US_UT,43,3444,5,848,1,349
2020-09-24 00:00:00,US_UT,35,3619,8,884,2,356
2020-04-28 00:00:00,CH_ZH,11,84,-8,25,-5,19
2020-12-22 00:00:00,US_KS,0,6267,0,1684,0,411
2020-12-28 00:00:00,CH_SG,2,182,-1,27,0,26
2020-09-22 00:00:00,CH_GR,0,3,0,0,0,0
2020-04-12 00:00:00,CH_GE,-2,342,-1,47,-1,43
2020-10-28 00:00:00,CH_GR,4,36,0,6,0,6
2020-05-30 00:00:00,CH_VS,-1,14,0,4,0,2
2020-07-11 00:00:00,CH_GR,1,2,0,0,0,0
2020-05-17 00:00:00,CH_VS,0,26,0,8,0,4
2020-11-23 00:00:00,CH_TI,8,382,0,35,3,23
2020-03-09 00:00:00,CH_GE,4,13,3,3,1,1
2020-05-10 00:00:00,US_UT,14,512,2,168,1,76
2021-01-12 00:00:00,US_UT,119,12059,24,1933,4,668
2020-04-10 00:00:00,CH_ZH,-13,152,0,0,-5,50
2020-11-10 00:00:00,US_AR,83,7579,0,,7,876
2020-10-25 00:00:00,US_KS,0,3584,0,1001,0,309
2021-01-13 00:00:00,CH_ZH,-12,381,-3,76,-2,54
2020-11-20 00:00:00,CH_NE,-4,137,-3,14,1,13
2020-06-03 00:00:00,CH_VS,-1,14,0,3,0,2
2020-03-11 00:00:00,CH_TI,0,0,0,0,0,0
2020-07-23 00:00:00,CH_GR,0,2,0,0,0,0
2020-12-19 00:00:00,US_AR,57,10487,0,,4,1136
2020-05-29 00:00:00,US_AR,27,667,0,,1,119
2020-09-11 00:00:00,CH_BL,0,0,0,0,0,0
2020-04-21 00:00:00,CH_BL,-7,33,-3,3,0,3
2020-06-19 00:00:00,CH_GE,0,4,1,1,0,0
2020-08-11 00:00:00,CH_ZH,0,27,0,5,0,5
2020-04-06 00:00:00,CH_GR,3,52,0,9,0,9
2020-11-30 00:00:00,CH_VS,7,180,-1,28,1,22
2020-08-14 00:00:00,CH_VS,1,11,0,1,0,1
2020-09-07 00:00:00,CH_BE,-1,3,0,2,-1,1
2020-07-14 00:00:00,CH_ZH,-2,24,3,10,1,6
2020-05-21 00:00:00,CH_TI,-3,50,1,5,1,5
2020-05-14 00:00:00,US_AL,33,1350,12,489,7,291
2021-01-07 00:00:00,CH_BL,-7,69,0,9,-1,6
2021-01-12 00:00:00,US_KS,0,7351,0,1981,0,413
2020-04-27 00:00:00,CH_ZH,-2,73,0,33,-2,24
2020-08-08 00:00:00,CH_VS,0,8,0,1,0,1
2020-12-01 00:00:00,CH_NE,1,128,-1,10,-2,5
2020-11-28 00:00:00,CH_BL,-8,63,0,10,-2,4
2020-12-03 00:00:00,CH_BL,-2,59,-1,7,0,4
2020-11-04 00:00:00,CH_BL,-5,32,-1,4,-1,3
2020-08-26 00:00:00,US_AL,212,14005,13,1412,6,770
2020-11-13 00:00:00,CH_ZH,-1,360,-1,66,0,47
2020-06-11 00:00:00,CH_GE,-5,7,0,1,0,1
2020-11-22 00:00:00,CH_GR,-3,51,0,10,0,9
2020-03-04 00:00:00,CH_VS,1,13,0,0,0,0
2020-03-19 00:00:00,CH_GE,11,87,-1,19,1,18
2020-04-26 00:00:00,US_AL,6,845,0,288,0,170
2020-04-06 00:00:00,CH_GE,-4,394,0,56,0,50
2020-05-26 00:00:00,US_UT,4,696,2,217,1,89
2020-11-23 00:00:00,CH_LU,12,107,0,,-5,12
2020-06-04 00:00:00,US_UT,21,850,8,258,1,108
2020-11-11 00:00:00,US_KS,114,4252,32,1167,8,347
2020-09-11 00:00:00,CH_NE,0,1,0,0,0,0
2020-12-08 00:00:00,CH_BL,2,61,2,8,0,4
2020-11-05 00:00:00,US_AL,0,21027,11,2100,7,1214
2020-11-10 00:00:00,CH_TI,13,303,2,25,0,18
2020-05-13 00:00:00,CH_BL,-1,2,0,1,-1,0
2020-05-20 00:00:00,US_AR,0,535,0,,0,101
2020-11-08 00:00:00,US_UT,64,6084,5,1237,1,472
2020-04-23 00:00:00,US_AR,0,291,0,,0,57
2020-05-02 00:00:00,CH_GR,-2,19,0,6,0,6
2021-01-01 00:00:00,US_AL,189,34373,2,2440,2,1398
2020-08-09 00:00:00,CH_VS,0,8,0,1,0,1
2020-03-14 00:00:00,CH_GE,8,41,1,8,0,5
2020-05-01 00:00:00,CH_NE,1,26,-3,2,-2,2
2020-12-28 00:00:00,CH_NE,-1,40,-2,3,-1,2
2020-11-02 00:00:00,US_AL,0,20450,1,2067,0,1193
2020-09-27 00:00:00,US_UT,27,3729,5,895,1,359
2021-02-04 00:00:00,CH_TI,-7,132,3,23,1,14
2020-12-24 00:00:00,CH_BL,-7,60,3,9,0,2
2020-06-05 00:00:00,CH_BE,-1,5,0,0,0,0
2020-06-23 00:00:00,CH_LU,0,6,0,,0,2
2020-11-30 00:00:00,CH_SG,3,161,-1,29,2,24
2020-09-17 00:00:00,US_UT,20,3401,6,843,0,348
2020-06-03 00:00:00,CH_NE,0,2,0,0,0,0
2020-12-27 00:00:00,CH_SG,-4,180,2,28,3,26
2020-10-23 00:00:00,US_KS,78,3584,26,1001,10,309
2020-03-03 00:00:00,CH_VS,2,12,0,0,0,0
2020-05-10 00:00:00,CH_BE,0,36,0,7,0,6
2020-10-19 00:00:00,CH_BL,2,10,1,1,0,0
2020-05-07 00:00:00,CH_TI,-2,107,-2,13,1,12
2020-05-27 00:00:00,CH_GE,-6,7,-1,0,0,0
2020-07-15 00:00:00,CH_GR,0,1,0,0,0,0
2020-09-05 00:00:00,CH_BL,0,0,0,0,0,0
2020-07-11 00:00:00,CH_NE,-3,0,0,0,0,0
2020-03-17 00:00:00,CH_GE,11,73,9,19,8,17
2020-12-18 00:00:00,CH_BE,8,334,-2,54,-5,41
2020-10-26 00:00:00,CH_BL,4,27,0,4,0,4
2020-09-20 00:00:00,CH_GR,0,4,0,1,0,1
2020-05-31 00:00:00,CH_ZH,-1,11,3,3,1,1
2021-01-16 00:00:00,US_AR,88,12686,0,,8,1348
2020-08-02 00:00:00,US_AR,42,2894,0,,2,397
2020-06-26 00:00:00,CH_ZH,0,7,1,5,0,1
2020-06-01 00:00:00,CH_TI,-2,28,0,1,0,1
2020-11-12 00:00:00,US_AR,80,7715,0,,5,887
2021-01-11 00:00:00,US_UT,74,11940,7,1909,1,664
2020-12-23 00:00:00,CH_VS,-3,75,0,15,-2,9
2021-01-14 00:00:00,US_KS,0,7540,0,2027,0,413
2020-12-15 00:00:00,CH_BL,1,63,-2,4,-1,3
2020-09-14 00:00:00,CH_BL,0,2,0,0,0,0
2020-07-16 00:00:00,CH_TI,0,4,1,2,0,1
2020-04-07 00:00:00,CH_GR,-3,49,-1,8,-1,8
2020-11-03 00:00:00,CH_LU,3,100,0,13,3,13
2020-10-24 00:00:00,CH_BL,4,23,0,4,0,4
2021-01-26 00:00:00,CH_TI,-14,195,-1,30,0,23
2020-05-09 00:00:00,CH_TI,-11,81,-1,12,-1,10
2020-07-04 00:00:00,CH_GR,0,0,0,0,0,0
2020-10-01 00:00:00,US_AR,91,5445,0,,2,678
2020-07-17 00:00:00,CH_NE,0,1,0,0,0,0
2020-09-20 00:00:00,CH_ZH,4,27,-1,11,0,8
2020-08-05 00:00:00,CH_NE,0,1,0,0,0,0
2020-02-27 00:00:00,CH_TI,0,0,0,0,0,0
2021-02-07 00:00:00,CH_ZH,15,215,4,52,0,38
2020-05-05 00:00:00,CH_BE,3,38,-1,7,-2,5
2020-09-09 00:00:00,CH_NE,1,3,0,0,0,0
2020-10-11 00:00:00,CH_GR,1,3,1,1,0,0
2020-07-24 00:00:00,US_AL,162,9157,15,1058,12,565
2020-04-20 00:00:00,US_AL,0,641,0,260,0,157
2020-08-19 00:00:00,US_KS,56,2090,7,567,2,202
2020-06-12 00:00:00,CH_BL,0,0,0,0,0,0
2020-12-23 00:00:00,CH_SG,11,184,1,26,2,23
2020-08-28 00:00:00,CH_ZH,1,19,2,9,1,6
2020-04-08 00:00:00,CH_AG,-3,85,-2,23,-2,23
2020-05-10 00:00:00,US_AR,0,471,0,,0,96
2020-12-19 00:00:00,CH_TI,6,345,1,42,2,37
2020-05-15 00:00:00,CH_AG,2,12,0,1,0,1
2021-01-06 00:00:00,CH_TI,-14,371,-3,47,1,45
2020-06-02 00:00:00,US_KS,20,862,6,290,3,127
2020-12-04 00:00:00,US_KS,127,5417,63,1453,0,409
2020-03-11 00:00:00,CH_GR,0,0,0,0,0,0
2020-03-20 00:00:00,CH_GR,6,24,1,3,1,3
2021-01-08 00:00:00,CH_VS,2,94,3,13,0,8
2020-08-17 00:00:00,CH_SG,0,7,0,0,1,5
2020-12-20 00:00:00,US_AL,0,30224,1,2390,0,1377
2020-08-20 00:00:00,CH_LU,-1,7,0,4,0,4
2020-05-15 00:00:00,US_AR,11,520,0,,1,101
2021-01-30 00:00:00,CH_VS,-3,116,-2,13,1,12
2020-06-16 00:00:00,CH_BE,0,1,0,0,0,0
2021-02-07 00:00:00,CH_NE,0,29,0,5,0,5
2020-05-10 00:00:00,CH_ZH,3,40,2,10,0,5
2020-06-29 00:00:00,CH_BL,0,0,0,0,0,0
2020-04-22 00:00:00,CH_BL,0,33,0,3,0,3
2020-11-15 00:00:00,US_AR,29,7876,0,,2,896
2021-02-08 00:00:00,CH_LU,3,62,0,,1,9
2020-05-19 00:00:00,US_KS,0,740,0,250,0,115
2020-04-15 00:00:00,CH_VS,-6,94,0,20,1,12
2020-03-01 00:00:00,CH_VS,1,7,0,0,0,0
2020-03-22 00:00:00,CH_TI,22,246,6,46,6,43
2020-12-10 00:00:00,CH_BE,10,318,-3,56,-3,47
2020-04-13 00:00:00,CH_GR,-1,34,-1,6,0,5
2020-12-30 00:00:00,CH_GR,1,53,1,8,2,7
2020-11-04 00:00:00,US_AR,79,7273,0,,5,856
2020-08-02 00:00:00,US_UT,18,2430,1,628,1,256
2020-09-05 00:00:00,US_AL,113,14914,12,1537,9,848
2020-05-01 00:00:00,CH_ZH,-18,43,-1,20,-1,14
2020-05-05 00:00:00,CH_LU,1,16,0,6,0,6
2020-11-14 00:00:00,CH_VS,-14,281,-1,32,1,25
2020-11-01 00:00:00,CH_VS,15,251,-2,21,0,7
2020-09-22 00:00:00,CH_LU,1,7,0,0,0,0
2020-09-29 00:00:00,CH_GR,0,3,0,0,0,0
2020-12-30 00:00:00,US_UT,110,10873,7,1813,2,633
2021-01-22 00:00:00,CH_TI,-8,215,-5,28,-1,25
2020-05-05 00:00:00,US_AR,15,453,0,,1,89
2020-12-28 00:00:00,US_KS,144,6568,40,1762,0,411
2020-12-10 00:00:00,CH_VS,-7,113,0,21,0,17
2021-01-03 00:00:00,CH_NE,4,47,2,5,1,4
2021-01-19 00:00:00,CH_BL,2,31,1,6,0,5
2020-11-21 00:00:00,CH_BL,8,78,0,7,-1,2
2020-09-30 00:00:00,US_AR,0,5354,0,,5,676
2020-12-19 00:00:00,CH_ZH,5,493,-2,97,-7,66
2020-06-21 00:00:00,US_AR,52,1152,0,,9,184
2020-04-28 00:00:00,CH_BE,-7,47,-3,7,-2,7
2020-09-30 00:00:00,CH_TI,-1,2,0,0,0,0
2020-10-16 00:00:00,CH_VS,-3,85,1,4,1,2
2020-04-20 00:00:00,CH_GE,5,301,-1,34,-4,29
2020-10-26 00:00:00,CH_ZH,21,180,0,22,2,16
2020-12-09 00:00:00,CH_VS,-2,120,-2,21,0,17
2020-08-24 00:00:00,CH_LU,0,8,0,3,0,3
2021-01-22 00:00:00,CH_GR,-4,25,0,9,0,8
2021-01-13 00:00:00,CH_SG,-2,114,0,18,0,18
2020-08-29 00:00:00,US_AL,0,14267,9,1459,7,801
2020-09-04 00:00:00,US_UT,19,3172,6,794,0,329
2020-10-08 00:00:00,US_AR,65,5805,0,,8,723
2021-01-17 00:00:00,CH_TI,-8,264,0,37,0,32
2020-06-27 00:00:00,US_KS,0,1128,0,356,0,152
2020-08-04 00:00:00,US_AR,88,3054,0,,11,414
2020-06-19 00:00:00,US_UT,25,1145,4,330,3,148
2020-07-14 00:00:00,CH_LU,1,4,1,3,1,3
2021-01-28 00:00:00,US_UT,62,13279,10,2092,6,725
2020-06-28 00:00:00,US_UT,31,1396,1,389,1,167
2020-07-31 00:00:00,US_UT,31,2377,8,618,1,250
2021-01-31 00:00:00,CH_BL,2,18,0,4,0,3
2020-08-26 00:00:00,CH_LU,0,9,0,3,0,3
2020-05-28 00:00:00,US_AL,46,1765,6,566,4,338
2020-10-01 00:00:00,CH_SG,1,8,0,2,0,2
2020-08-18 00:00:00,CH_LU,0,8,0,4,0,4
2020-05-04 00:00:00,US_AR,11,438,0,,0,88
2020-06-05 00:00:00,US_UT,20,870,4,262,1,109
2020-03-08 00:00:00,CH_TI,0,0,0,0,0,0
2020-05-11 00:00:00,US_AR,9,480,0,,2,98
2020-05-24 00:00:00,US_UT,12,688,2,215,0,88
2020-07-23 00:00:00,CH_LU,-2,5,0,3,0,3
2020-09-11 00:00:00,CH_BE,2,8,0,2,0,1
2020-07-08 00:00:00,US_AL,45,3006,13,871,7,486
2020-12-28 00:00:00,CH_BE,-14,288,1,47,4,35
2020-11-08 00:00:00,CH_ZH,9,332,4,64,3,46
2020-10-09 00:00:00,CH_GR,0,1,0,0,0,0
2020-08-03 00:00:00,US_KS,31,1782,11,505,5,184
2020-12-24 00:00:00,CH_TI,-9,338,3,41,2,35
2020-09-23 00:00:00,CH_ZH,2,28,1,9,0,6
2021-01-20 00:00:00,CH_BL,-2,29,0,6,0,5
2021-02-06 00:00:00,CH_BL,0,21,0,3,0,1
2020-08-04 00:00:00,CH_TI,0,2,0,0,0,0
2020-05-27 00:00:00,CH_VS,-1,16,0,4,0,2
2020-07-31 00:00:00,CH_BL,0,3,0,1,0,0
2020-10-24 00:00:00,US_AR,29,6707,0,,1,808
2020-04-25 00:00:00,CH_GR,-1,28,0,9,0,8
2020-03-28 00:00:00,CH_NE,5,50,2,11,1,8
2020-07-09 00:00:00,CH_BL,0,1,0,0,0,0
2020-11-29 00:00:00,US_KS,0,5018,0,1329,0,389
2020-04-25 00:00:00,CH_BL,-1,23,-1,1,-1,0
2021-01-27 00:00:00,CH_LU,7,84,0,,-1,16
2020-05-23 00:00:00,CH_ZH,-5,26,-1,7,-3,1
2020-06-03 00:00:00,CH_ZH,-2,9,4,5,1,1
2020-05-05 00:00:00,CH_BL,-1,8,0,1,0,1
2020-06-23 00:00:00,CH_GR,0,1,0,0,0,0
2020-09-12 00:00:00,US_KS,0,2537,0,690,0,219
2020-09-17 00:00:00,CH_GR,2,3,0,0,0,0
2020-08-21 00:00:00,US_AL,0,13330,0,1348,0,734
2020-11-06 00:00:00,CH_BE,10,356,7,50,0,36
2020-12-13 00:00:00,US_UT,70,9421,6,1636,1,581
2021-02-05 00:00:00,CH_ZH,1,208,-1,49,-3,36
2020-06-29 00:00:00,CH_BE,1,2,0,0,0,0
2020-04-28 00:00:00,CH_GE,5,260,-3,23,-3,21
2020-06-29 00:00:00,US_UT,21,1417,5,394,3,170
2020-04-19 00:00:00,US_AL,21,641,13,260,9,157
2020-09-27 00:00:00,CH_VS,1,29,0,1,0,0
2020-10-11 00:00:00,CH_SG,1,10,-1,3,-1,2
2021-02-05 00:00:00,CH_LU,4,59,0,,-1,8
2020-08-05 00:00:00,US_UT,37,2519,10,650,4,265
2020-11-25 00:00:00,US_AR,91,8711,0,,9,960
2020-10-03 00:00:00,CH_GR,0,2,0,0,0,0
2021-02-06 00:00:00,US_UT,73,13828,7,2169,7,749
2020-06-14 00:00:00,CH_TI,-1,8,0,0,0,0
2020-11-03 00:00:00,CH_ZH,38,324,7,48,0,32
2020-11-01 00:00:00,US_UT,63,5526,6,1144,6,443
2020-08-05 00:00:00,US_AR,64,3118,0,,10,424
2021-01-28 00:00:00,CH_ZH,5,241,6,67,-3,40
2020-08-14 00:00:00,US_UT,23,2744,8,702,4,285
2020-07-18 00:00:00,CH_GR,0,1,0,0,0,0
2020-04-05 00:00:00,CH_BL,0,73,0,19,0,17
2020-12-26 00:00:00,CH_ZH,-19,480,8,106,9,79
2020-09-17 00:00:00,CH_LU,0,6,0,0,0,0
2020-10-03 00:00:00,CH_NE,-1,1,0,0,0,0
2020-06-24 00:00:00,US_AR,26,1214,0,,3,189
2020-09-21 00:00:00,CH_SG,-1,10,2,5,2,4
2020-10-21 00:00:00,CH_LU,1,26,1,4,1,4
2020-06-08 00:00:00,CH_NE,1,2,0,0,0,0
2020-05-25 00:00:00,US_UT,4,692,0,215,0,88
2020-06-01 00:00:00,CH_NE,0,2,0,0,0,0
2020-11-13 00:00:00,US_AR,102,7817,0,,4,891
2020-04-21 00:00:00,US_AL,58,699,0,260,0,157
2021-01-13 00:00:00,CH_BL,-9,45,0,6,-1,5
2020-11-09 00:00:00,US_KS,71,4138,13,1135,2,339
2020-08-13 00:00:00,CH_SG,0,9,0,5,-1,4
2020-07-21 00:00:00,US_KS,0,1497,0,439,0,162
2021-01-22 00:00:00,CH_ZH,-36,262,0,69,2,53
2020-05-06 00:00:00,US_AL,51,1158,14,442,9,264
2020-04-30 00:00:00,CH_TI,-10,162,1,30,2,23
2020-10-15 00:00:00,CH_SG,10,33,1,7,1,4
2020-06-07 00:00:00,CH_BL,0,0,0,0,0,0
2020-05-20 00:00:00,CH_VS,-2,20,-1,6,0,3
2020-02-29 00:00:00,CH_GR,0,0,0,0,0,0
2020-05-07 00:00:00,CH_NE,-2,20,1,4,0,2
2020-10-18 00:00:00,CH_SG,7,40,1,8,1,5
2020-08-05 00:00:00,CH_BL,-1,0,-1,0,0,0
2020-11-23 00:00:00,CH_BL,1,82,2,9,1,3
2020-06-19 00:00:00,CH_BL,0,0,0,0,0,0
2020-06-06 00:00:00,CH_ZH,-1,7,0,2,0,1
2020-12-09 00:00:00,CH_BE,-5,308,3,59,7,50
2020-12-31 00:00:00,CH_TI,3,376,3,46,4,38
2020-06-12 00:00:00,CH_NE,1,3,-1,0,0,0
2020-09-21 00:00:00,CH_TI,1,2,0,0,0,0
2021-01-24 00:00:00,CH_BL,0,25,0,6,0,5
2021-01-29 00:00:00,US_KS,149,8417,31,2290,0,412
2020-08-28 00:00:00,CH_NE,0,0,0,0,0,0
2021-01-28 00:00:00,CH_VS,-21,124,0,15,2,12
2021-01-18 00:00:00,CH_ZH,12,311,0,71,-2,54
2020-03-23 00:00:00,CH_GE,30,203,7,43,5,41
2020-08-20 00:00:00,US_UT,21,2853,5,732,3,292
2020-08-15 00:00:00,US_KS,0,2020,0,554,0,198
2020-09-29 00:00:00,US_AL,91,17182,4,1802,2,1014
2020-04-30 00:00:00,CH_AG,-5,33,-1,9,-1,8
2020-08-30 00:00:00,US_KS,0,2278,0,616,0,206
2020-09-03 00:00:00,CH_LU,-1,7,0,1,0,1
2020-05-14 00:00:00,CH_GR,0,11,0,5,0,5
2020-11-18 00:00:00,CH_ZH,13,392,0,69,0,51
2020-11-08 00:00:00,US_AR,19,7434,0,,1,866
2021-01-27 00:00:00,CH_TI,-18,177,-3,27,-2,21
2020-12-09 00:00:00,CH_ZH,-13,478,-3,84,1,65
2020-11-11 00:00:00,CH_TI,6,309,2,27,2,20
2020-11-27 00:00:00,CH_LU,1,105,0,,-1,12
2020-07-02 00:00:00,CH_VS,1,10,-1,1,0,0
2020-06-09 00:00:00,US_KS,0,936,0,311,0,136
2020-05-04 00:00:00,CH_NE,-1,25,1,3,1,3
2020-09-03 00:00:00,CH_ZH,1,28,0,11,0,7
2020-11-25 00:00:00,CH_GR,-4,46,0,7,0,5
2020-09-17 00:00:00,US_AL,137,16079,2,1631,-1,900
2020-12-15 00:00:00,CH_TI,1,354,-1,42,1,35
2020-12-27 00:00:00,CH_VS,-2,61,2,17,2,10
2020-09-06 00:00:00,CH_GR,0,1,0,0,0,0
2020-04-26 00:00:00,CH_VS,2,72,1,15,-1,8
2020-10-01 00:00:00,CH_GR,1,3,0,0,0,0
2020-05-15 00:00:00,CH_VS,-3,26,0,8,-1,4
2020-07-19 00:00:00,US_KS,0,1453,0,427,0,161
2020-07-14 00:00:00,US_AL,378,7123,12,931,6,511
2020-03-13 00:00:00,CH_GR,0,0,0,0,0,0
2020-04-11 00:00:00,CH_GR,0,35,0,6,-1,5
2020-12-11 00:00:00,CH_BE,-11,307,-2,54,0,47
2020-04-12 00:00:00,US_AL,35,437,12,189,6,119
2020-11-19 00:00:00,US_AL,207,23295,17,2182,12,1261
2020-06-25 00:00:00,CH_TI,-1,5,0,0,0,0
2020-11-26 00:00:00,US_UT,0,7785,0,1440,0,526
2020-03-13 00:00:00,CH_BL,3,12,0,3,0,3
2020-09-22 00:00:00,CH_SG,-2,8,0,5,0,4
2020-06-25 00:00:00,US_UT,34,1290,10,365,6,160
2020-06-13 00:00:00,US_AR,18,979,0,,3,160
2020-10-02 00:00:00,CH_NE,0,2,0,0,0,0
2021-01-27 00:00:00,US_AR,46,13447,0,,2,1410
2020-06-12 00:00:00,CH_GE,3,10,0,1,0,1
2020-05-10 00:00:00,US_KS,22,657,2,231,1,101
2020-10-19 00:00:00,CH_SG,19,59,-1,7,-1,4
2020-05-04 00:00:00,CH_GE,1,224,0,17,0,16
2020-04-27 00:00:00,CH_TI,-4,188,-3,34,-1,25
2020-10-19 00:00:00,US_UT,32,4688,0,1022,0,401
2020-04-13 00:00:00,CH_BL,0,48,-1,16,-2,12
2020-06-01 00:00:00,US_AL,12,1856,2,591,0,355
2020-04-10 00:00:00,CH_NE,5,63,1,11,1,8
2020-08-11 00:00:00,CH_TI,0,1,0,0,0,0
2020-11-14 00:00:00,CH_NE,4,160,-1,18,-2,11
2020-03-05 00:00:00,CH_GR,0,0,0,0,0,0
2020-04-05 00:00:00,CH_NE,-1,58,2,12,-1,8
2020-08-22 00:00:00,US_AL,172,13502,0,1348,0,734
2021-01-24 00:00:00,US_AL,0,40514,1,2511,1,1433
2020-09-15 00:00:00,CH_TI,1,1,0,0,0,0
2020-06-13 00:00:00,CH_BL,0,0,0,0,0,0
2020-10-27 00:00:00,US_KS,0,3646,0,1009,0,313
2020-06-22 00:00:00,CH_GE,6,9,0,1,1,1
2020-07-31 00:00:00,CH_TI,0,3,0,1,0,1
2020-05-03 00:00:00,CH_BL,2,10,-1,1,-1,1
2020-10-31 00:00:00,CH_TI,26,165,0,11,2,7
2020-06-26 00:00:00,CH_GE,-1,7,0,2,-1,1
2020-12-28 00:00:00,CH_TI,9,366,0,44,-4,35
2020-06-09 00:00:00,US_AR,21,865,0,,1,144
2020-04-12 00:00:00,CH_TI,-13,269,-5,63,-3,56
2020-08-05 00:00:00,US_KS,39,1821,11,516,6,190
2020-05-01 00:00:00,CH_BL,-1,8,0,1,0,1
2020-12-12 00:00:00,CH_NE,-15,81,-4,6,-1,3
2020-07-20 00:00:00,CH_BE,3,7,1,4,0,0
2020-06-25 00:00:00,CH_VS,-2,11,0,1,0,0
2020-04-05 00:00:00,CH_BE,-3,110,-5,30,-3,25
2020-06-10 00:00:00,CH_BL,0,0,0,0,0,0
2021-01-15 00:00:00,CH_BL,-8,35,0,6,0,5
2020-04-24 00:00:00,CH_VS,-3,68,1,14,0,9
2020-06-12 00:00:00,CH_TI,-1,9,0,0,0,0
2020-03-26 00:00:00,CH_GE,14,254,2,52,0,48
2020-04-06 00:00:00,CH_LU,1,28,-6,6,-1,6
2021-01-27 00:00:00,CH_NE,-1,24,1,5,0,4
2020-05-26 00:00:00,CH_NE,0,4,0,1,0,1
2020-06-27 00:00:00,US_AL,44,2697,17,789,3,453
2020-12-14 00:00:00,CH_ZH,18,535,-2,97,5,71
2021-01-13 00:00:00,CH_VS,2,111,1,11,1,8
2020-08-29 00:00:00,CH_BL,0,3,0,1,0,1
2020-04-25 00:00:00,CH_BE,1,61,0,11,2,10
2020-10-06 00:00:00,CH_VS,0,51,1,2,0,1
2020-08-12 00:00:00,CH_BE,0,10,0,3,0,1
2020-06-12 00:00:00,US_KS,19,973,8,324,4,143
2020-07-22 00:00:00,CH_BL,0,0,0,0,0,0
2020-06-27 00:00:00,CH_TI,0,5,0,0,0,0
2020-09-30 00:00:00,US_AL,75,17257,13,1815,11,1025
2020-11-11 00:00:00,US_AL,0,21886,14,2142,8,1239
2020-07-05 00:00:00,CH_GR,0,0,0,0,0,0
2020-10-27 00:00:00,CH_LU,7,59,0,7,0,7
2020-08-30 00:00:00,US_AR,40,4182,0,,3,541
2020-06-06 00:00:00,CH_VS,0,15,0,3,0,2
2020-09-17 00:00:00,CH_BL,0,3,0,0,0,0
2020-07-22 00:00:00,CH_LU,0,7,-1,3,-1,3
2020-12-29 00:00:00,CH_TI,10,376,-1,43,1,36
2020-10-12 00:00:00,US_AR,50,5960,0,,6,737
2020-07-24 00:00:00,CH_BE,0,7,-1,2,0,0
2020-10-26 00:00:00,US_KS,62,3646,8,1009,4,313
2020-06-28 00:00:00,CH_BL,0,0,0,0,0,0
2020-10-23 00:00:00,CH_LU,6,37,1,5,1,5
2020-10-12 00:00:00,CH_TI,5,12,0,1,0,1
2020-07-01 00:00:00,US_UT,32,1476,17,423,9,187
2020-05-12 00:00:00,CH_NE,0,13,0,1,0,1
2020-10-30 00:00:00,US_UT,76,5395,5,1117,2,432
2020-02-26 00:00:00,CH_TI,0,0,0,0,0,0
2020-05-27 00:00:00,US_KS,22,822,4,275,2,122
2020-06-24 00:00:00,CH_GE,-1,8,0,2,-2,0
2021-01-17 00:00:00,CH_SG,2,113,-3,16,-2,15
2020-10-16 00:00:00,CH_NE,2,19,0,1,0,0
2020-07-22 00:00:00,CH_NE,0,2,0,0,0,0
2020-06-10 00:00:00,CH_GR,0,0,0,0,0,0
2020-08-06 00:00:00,CH_TI,1,3,0,0,0,0
2020-10-23 00:00:00,US_AL,147,19595,16,2001,11,1148
2020-04-24 00:00:00,CH_ZH,-13,83,46,46,-2,42
2020-05-23 00:00:00,CH_BL,0,2,0,0,0,0
2021-01-02 00:00:00,CH_NE,3,43,0,3,1,3
2020-07-21 00:00:00,CH_BL,0,0,0,0,0,0
2020-12-24 00:00:00,CH_BE,-25,302,-7,46,-8,31
2020-09-18 00:00:00,CH_BL,0,3,0,0,0,0
2020-07-19 00:00:00,US_AL,0,7782,6,988,2,526
2020-12-14 00:00:00,CH_SG,-7,174,-2,27,-2,25
2020-07-22 00:00:00,US_AR,60,2317,0,,7,323
2020-05-28 00:00:00,CH_ZH,2,20,-2,2,0,1
2020-12-12 00:00:00,CH_TI,-7,339,-4,39,-2,32
2020-04-11 00:00:00,CH_GE,-11,344,1,48,-3,44
2020-09-23 00:00:00,US_KS,60,2766,12,753,10,240
2020-09-14 00:00:00,CH_TI,0,0,0,0,0,0
2020-07-20 00:00:00,CH_GR,0,1,0,0,0,0
2020-12-31 00:00:00,US_KS,0,6760,0,1823,0,412
2020-05-27 00:00:00,US_AR,10,627,0,,2,116
2020-08-10 00:00:00,CH_ZH,-1,27,-2,5,-1,5
2021-01-11 00:00:00,US_AL,833,37587,0,2459,1,1406
2020-12-03 00:00:00,CH_SG,6,180,0,27,0,23
2021-02-05 00:00:00,CH_VS,-5,121,2,14,1,9
2020-07-19 00:00:00,CH_BL,0,0,0,0,0,0
2020-07-02 00:00:00,CH_TI,-1,1,0,0,0,0
2020-06-05 00:00:00,US_KS,27,917,4,306,4,135
2020-06-18 00:00:00,CH_NE,0,2,0,0,0,0
2020-11-30 00:00:00,CH_TI,5,352,0,43,1,28
2020-04-19 00:00:00,CH_BL,-4,40,0,7,0,5
2020-06-03 00:00:00,CH_LU,0,8,0,5,0,5
2020-06-30 00:00:00,CH_NE,0,2,0,0,0,0
2020-12-05 00:00:00,CH_VS,0,132,1,23,-4,18
2020-10-23 00:00:00,US_UT,59,4939,6,1056,6,415
2020-05-25 00:00:00,CH_ZH,-5,23,0,8,0,1
2020-05-03 00:00:00,US_KS,6,547,3,209,0,95
2020-09-05 00:00:00,CH_NE,0,1,0,0,0,0
2020-07-11 00:00:00,CH_BL,0,2,-1,0,0,0
2020-05-16 00:00:00,CH_BL,0,1,1,1,0,0
2020-02-29 00:00:00,CH_GE,1,3,0,0,0,0
2020-09-24 00:00:00,CH_TI,0,2,0,0,0,0
2021-01-20 00:00:00,CH_NE,-5,25,1,6,0,3
2020-09-03 00:00:00,US_AL,48,14801,10,1511,0,827
2020-04-27 00:00:00,CH_VS,-9,63,-1,14,1,9
2020-03-31 00:00:00,CH_BE,-1,111,2,23,1,18
2020-09-28 00:00:00,CH_ZH,2,34,0,11,0,8
2020-09-27 00:00:00,CH_GR,0,3,0,0,0,0
2020-06-01 00:00:00,CH_GR,0,2,0,1,0,1
2020-04-05 00:00:00,CH_ZH,0,194,0,0,0,59
2020-06-24 00:00:00,CH_LU,0,6,-1,1,-1,1
2020-12-29 00:00:00,CH_BE,21,309,6,53,0,35
2020-11-15 00:00:00,CH_VS,1,282,1,33,-2,23
2020-03-08 00:00:00,CH_VS,4,16,1,1,1,1
2021-01-17 00:00:00,US_AL,0,38763,1,2484,1,1420
2020-05-21 00:00:00,US_UT,16,647,7,207,1,88
2020-06-29 00:00:00,CH_LU,0,6,0,1,0,1
2020-09-13 00:00:00,CH_VS,0,17,0,0,0,0
2020-10-15 00:00:00,US_AL,0,18635,7,1914,6,1091
2020-07-01 00:00:00,US_AR,35,1448,0,,4,224
2020-04-25 00:00:00,CH_VS,2,70,0,14,0,9
2020-04-25 00:00:00,US_AL,71,839,0,288,0,170
2020-08-25 00:00:00,CH_TI,0,1,0,0,0,0
2020-04-01 00:00:00,CH_TI,-5,396,2,76,5,72
2020-07-11 00:00:00,CH_ZH,0,12,0,5,0,3
2020-07-04 00:00:00,CH_TI,-1,0,0,0,0,0
2020-05-29 00:00:00,CH_LU,0,8,1,5,1,5
2020-12-02 00:00:00,CH_LU,-9,87,0,,-2,14
2020-07-23 00:00:00,CH_ZH,0,24,-1,4,0,3
2020-11-10 00:00:00,US_UT,122,6284,27,1267,3,476
2021-01-24 00:00:00,CH_TI,2,207,2,32,3,22
2020-11-19 00:00:00,CH_GR,2,58,-1,9,0,9
2020-03-09 00:00:00,CH_TI,0,0,0,0,0,0
2021-01-14 00:00:00,CH_SG,-3,111,1,19,-1,17
2020-08-12 00:00:00,CH_TI,0,1,0,0,0,0
2021-01-03 00:00:00,CH_TI,11,384,-2,46,-2,41
2020-08-05 00:00:00,CH_LU,0,14,0,5,0,5
2020-08-27 00:00:00,CH_NE,0,0,0,0,0,0
2020-09-03 00:00:00,US_KS,0,2361,0,649,0,210
2020-06-21 00:00:00,CH_BL,0,0,0,0,0,0
2020-12-01 00:00:00,CH_LU,-12,96,0,,4,16
2020-07-28 00:00:00,CH_BL,0,2,0,0,0,0
2021-01-01 00:00:00,CH_ZH,-20,445,0,96,-6,62
2021-02-02 00:00:00,CH_BE,-7,125,-3,25,-2,18
2020-07-03 00:00:00,CH_LU,0,5,0,2,0,2
2020-09-21 00:00:00,US_AL,260,16487,2,1645,0,904
2020-10-12 00:00:00,US_KS,54,3239,13,890,3,274
2020-09-27 00:00:00,US_AL,0,16852,0,1791,0,1007
2020-03-03 00:00:00,CH_TI,0,0,0,0,0,0
2020-12-12 00:00:00,US_UT,82,9351,10,1630,3,580
2020-04-18 00:00:00,CH_NE,0,44,0,10,0,8
2020-05-17 00:00:00,CH_NE,2,12,2,3,0,1
2020-08-27 00:00:00,CH_GR,0,0,0,0,0,0
2020-04-21 00:00:00,CH_GE,-15,286,-2,32,0,29
2020-05-03 00:00:00,CH_VS,1,57,0,10,0,8
2020-09-02 00:00:00,US_UT,24,3134,5,785,3,325
2020-07-26 00:00:00,US_UT,21,2234,1,577,1,239
2020-06-14 00:00:00,US_KS,0,973,0,324,0,143
2021-02-02 00:00:00,CH_GR,0,30,-1,8,1,8
2020-05-06 00:00:00,CH_TI,-8,109,-5,15,-3,11
2021-01-20 00:00:00,CH_VS,-15,124,-1,12,-3,9
2020-06-14 00:00:00,CH_VS,0,13,0,2,0,0
2021-02-03 00:00:00,CH_SG,15,71,2,22,3,19
2020-05-31 00:00:00,CH_VS,1,15,1,5,0,2
2020-08-02 00:00:00,CH_VS,0,8,0,1,0,1
2021-01-26 00:00:00,CH_NE,1,25,0,4,0,4
2021-01-03 00:00:00,US_UT,58,11159,2,1830,0,643
2020-10-13 00:00:00,CH_ZH,-6,45,-2,7,-1,6
2020-05-31 00:00:00,CH_BL,0,0,0,0,0,0
2020-07-07 00:00:00,US_AR,29,1604,0,,2,247
2020-07-06 00:00:00,CH_TI,0,0,0,0,0,0
2020-04-03 00:00:00,CH_NE,0,61,-1,11,-1,9
2020-08-18 00:00:00,US_UT,22,2804,10,718,2,288
2020-06-24 00:00:00,US_KS,26,1082,6,348,1,150
2020-03-25 00:00:00,CH_AG,18,33,5,7,3,5
2021-02-04 00:00:00,CH_BL,2,25,0,5,0,2
2020-11-30 00:00:00,CH_BL,0,65,-1,9,1,4
2020-11-02 00:00:00,CH_BE,54,307,12,45,13,31
2020-04-08 00:00:00,CH_ZH,-11,170,0,0,-4,56
2020-09-05 00:00:00,US_UT,16,3188,5,799,2,331
2021-02-01 00:00:00,US_AL,0,41859,1,2552,1,1456
2020-06-29 00:00:00,US_KS,24,1152,4,360,0,152
2021-01-11 00:00:00,US_AR,0,12115,0,,0,1290
2020-04-19 00:00:00,CH_VS,-2,82,-2,16,-1,9
2020-12-14 00:00:00,US_AR,64,9991,0,,4,1095
2020-03-29 00:00:00,CH_TI,17,402,0,69,-1,59
2020-12-10 00:00:00,US_AL,0,27618,21,2342,12,1341
2021-01-24 00:00:00,CH_ZH,-4,252,-2,68,0,52
2020-12-09 00:00:00,CH_TI,-3,350,4,40,4,35
2020-11-16 00:00:00,CH_TI,5,349,-1,32,1,21
2020-04-01 00:00:00,CH_GR,1,59,1,11,1,11
2020-07-04 00:00:00,US_UT,36,1565,2,436,1,194
2020-12-02 00:00:00,CH_VS,-13,147,2,26,-1,20
2020-07-25 00:00:00,US_AR,0,2361,0,,0,329
2020-04-21 00:00:00,CH_TI,-1,236,-1,54,-6,36
2020-04-23 00:00:00,CH_NE,-2,35,0,6,0,4
2020-07-17 00:00:00,CH_GR,0,1,0,0,0,0
2020-12-28 00:00:00,CH_VS,3,64,-2,15,-1,9
2020-04-20 00:00:00,CH_NE,1,44,1,10,1,5
2020-09-20 00:00:00,US_AR,4,4967,0,,0,628
2021-02-08 00:00:00,CH_GR,-1,22,1,6,0,5
2020-11-23 00:00:00,CH_SG,1,162,-2,32,0,25
2021-02-01 00:00:00,CH_VS,6,132,2,16,0,11
2021-02-06 00:00:00,CH_NE,0,29,0,5,1,5
2020-06-17 00:00:00,CH_VS,1,13,-1,1,0,0
2020-08-17 00:00:00,CH_GR,1,1,0,0,0,0
2021-02-07 00:00:00,US_UT,34,13862,1,2170,1,750
2020-12-07 00:00:00,CH_SG,-9,188,4,32,2,26
2021-01-21 00:00:00,CH_NE,2,27,2,8,2,5
2020-03-31 00:00:00,CH_ZH,-1,196,0,0,4,50
2020-09-10 00:00:00,US_UT,10,3273,2,814,1,337
2020-11-22 00:00:00,CH_ZH,6,376,0,72,0,48
2020-11-25 00:00:00,CH_BE,-16,355,-4,67,-6,50
2020-07-26 00:00:00,CH_LU,0,6,0,3,0,3
2020-04-21 00:00:00,CH_AG,-2,43,2,18,2,18
2021-01-07 00:00:00,CH_ZH,-38,442,-10,89,-4,63
2020-10-07 00:00:00,US_AL,216,17915,5,1867,1,1057
2020-06-26 00:00:00,US_AL,41,2653,11,772,3,450
2021-01-14 00:00:00,CH_BL,-2,43,0,6,0,5
2020-11-21 00:00:00,CH_TI,6,377,4,38,0,22
2020-06-23 00:00:00,CH_TI,0,6,0,0,0,0
2020-11-19 00:00:00,CH_ZH,-20,372,-4,65,-7,44
2020-04-04 00:00:00,US_AR,1,106,,,0,39
2020-07-13 00:00:00,CH_NE,2,2,0,0,0,0
2020-05-13 00:00:00,CH_BE,-1,34,1,7,1,6
2020-12-25 00:00:00,US_AL,0,31954,3,2421,0,1387
2021-01-09 00:00:00,CH_GR,5,43,0,5,0,5
2020-12-31 00:00:00,CH_GR,-1,52,0,8,-1,6
2020-03-27 00:00:00,CH_TI,28,386,1,61,-5,51
2021-01-30 00:00:00,CH_TI,0,160,1,25,-2,18
2020-06-07 00:00:00,US_KS,0,917,0,306,0,135
2021-01-20 00:00:00,US_UT,84,12729,29,2023,6,687
2020-05-26 00:00:00,CH_TI,1,50,0,4,-1,3
2020-09-30 00:00:00,CH_BL,0,0,0,0,0,0
2021-01-06 00:00:00,CH_LU,-4,114,0,,-1,15
2020-05-13 00:00:00,CH_GR,-1,11,0,5,0,5
2020-10-11 00:00:00,US_UT,31,4306,1,969,0,385
2020-11-27 00:00:00,US_UT,163,7948,18,1458,6,532
2020-04-16 00:00:00,US_AR,0,130,0,,0,39
2020-04-22 00:00:00,CH_LU,-1,19,0,,-1,5
2020-12-28 00:00:00,CH_GR,3,46,-2,7,-1,5
2020-12-11 00:00:00,US_UT,82,9269,16,1620,4,577
2020-04-14 00:00:00,CH_ZH,-5,149,0,0,2,52
2020-06-25 00:00:00,CH_NE,0,1,0,0,0,0
2021-02-01 00:00:00,CH_SG,1,76,0,22,1,22
2020-07-31 00:00:00,CH_VS,-1,8,0,1,0,1
2021-01-23 00:00:00,CH_VS,-6,122,-4,10,0,8
2020-06-29 00:00:00,CH_VS,-1,9,1,2,0,0
2020-05-12 00:00:00,CH_AG,-5,9,0,2,0,2
2020-04-20 00:00:00,CH_BL,0,40,-1,6,-2,3
2020-08-11 00:00:00,CH_BL,0,1,0,0,0,0
2020-09-09 00:00:00,US_KS,29,2470,8,677,4,218
2020-08-24 00:00:00,CH_SG,2,9,-2,1,1,4
2020-12-23 00:00:00,CH_TI,-3,347,-1,38,0,33
2020-10-24 00:00:00,CH_TI,4,62,-2,5,-1,3
2020-10-19 00:00:00,US_AL,226,19081,5,1939,3,1106
2021-02-04 00:00:00,US_AR,89,13902,0,,9,1449
2020-05-22 00:00:00,CH_TI,-4,46,0,5,-2,3
2020-05-04 00:00:00,CH_BL,-1,9,0,1,0,1
2020-03-27 00:00:00,CH_VS,9,138,1,20,-1,16
2020-07-29 00:00:00,CH_NE,-1,0,0,0,0,0
2021-01-12 00:00:00,US_AL,0,37587,3,2462,3,1409
2020-10-15 00:00:00,US_KS,0,3309,0,913,0,280
2020-06-15 00:00:00,US_KS,15,988,3,327,0,143
2020-05-12 00:00:00,CH_GR,0,12,0,5,0,5
2020-03-21 00:00:00,CH_BL,3,30,2,4,2,4
2020-11-28 00:00:00,CH_ZH,-20,369,6,78,-2,52
2021-02-04 00:00:00,CH_SG,-1,70,-2,20,-1,18
2020-07-13 00:00:00,CH_GR,1,3,0,0,0,0
2020-09-30 00:00:00,CH_SG,1,7,0,2,0,2
2020-10-20 00:00:00,CH_LU,3,25,1,3,1,3
2020-05-16 00:00:00,US_AL,10,1387,4,501,2,295
2020-09-18 00:00:00,CH_VS,0,18,0,0,0,0
2020-06-20 00:00:00,US_AR,0,1100,0,,0,175
2020-09-24 00:00:00,CH_SG,-2,6,-1,3,0,3
2020-11-24 00:00:00,US_UT,100,7702,22,1422,3,519
2020-05-31 00:00:00,CH_NE,0,2,0,0,0,0
2020-04-08 00:00:00,CH_GR,-11,38,-1,7,-1,7
2020-04-25 00:00:00,CH_NE,-1,35,-2,4,-1,3
2021-01-08 00:00:00,CH_BE,-21,279,-6,47,0,41
2020-07-04 00:00:00,CH_ZH,1,9,0,0,0,0
2020-11-26 00:00:00,US_KS,0,4921,0,1316,0,385
2020-04-15 00:00:00,CH_BE,-3,82,-1,30,-3,18
2020-08-20 00:00:00,CH_BL,0,1,0,1,0,1
2020-03-18 00:00:00,CH_GE,3,76,1,20,0,17
2020-04-06 00:00:00,CH_BE,7,117,5,35,5,30
2020-06-04 00:00:00,US_KS,0,890,0,302,0,131
2020-04-11 00:00:00,CH_TI,-15,282,0,68,-3,59
2020-12-10 00:00:00,CH_SG,1,183,1,32,4,32
2020-12-03 00:00:00,CH_GR,-5,43,1,8,0,6
2020-05-04 00:00:00,CH_AG,0,34,-4,5,-4,4
2020-05-19 00:00:00,CH_NE,-4,7,-1,1,0,1
2020-11-06 00:00:00,CH_LU,3,102,0,,0,15
2020-11-15 00:00:00,US_UT,93,6769,1,1298,1,487
2020-11-05 00:00:00,CH_SG,3,195,-1,26,2,22
2020-09-08 00:00:00,CH_BL,0,0,0,0,0,0
2020-05-18 00:00:00,CH_AG,-5,7,0,1,0,1
2020-12-31 00:00:00,US_UT,83,10956,11,1824,8,641
2020-05-12 00:00:00,CH_TI,-1,79,-1,9,-1,7
2020-07-29 00:00:00,CH_GR,0,1,0,0,0,0
2020-08-06 00:00:00,CH_ZH,-4,25,-1,5,0,4
2020-12-10 00:00:00,CH_ZH,-3,475,6,90,3,68
2020-06-25 00:00:00,CH_GR,-1,0,0,0,0,0
2021-01-01 00:00:00,US_AR,92,11450,0,,7,1230
2020-11-18 00:00:00,US_AR,89,8139,0,,7,916
2021-01-03 00:00:00,CH_GR,-8,42,1,8,0,6
2020-11-24 00:00:00,CH_SG,5,167,-6,26,-5,20
2020-12-02 00:00:00,US_AR,89,9110,0,,8,1002
2020-07-18 00:00:00,CH_BL,-3,0,0,0,0,0
2020-05-05 00:00:00,US_AL,43,1107,17,428,8,255
2020-08-01 00:00:00,US_UT,35,2412,9,627,5,255
2020-08-17 00:00:00,CH_BL,0,1,0,1,0,0
2020-09-16 00:00:00,US_AR,38,4840,0,,10,616
2020-08-20 00:00:00,US_AL,250,13330,12,1348,3,734
2020-08-26 00:00:00,CH_ZH,3,19,-1,8,1,6
2020-06-29 00:00:00,US_AL,22,2725,11,801,3,457
2020-06-14 00:00:00,CH_NE,0,3,0,0,0,0
2020-11-29 00:00:00,CH_TI,-5,347,4,43,1,27
2020-11-28 00:00:00,US_AR,40,8819,0,,5,971
2020-06-07 00:00:00,CH_GR,-1,1,0,1,0,1
2020-07-29 00:00:00,CH_LU,2,8,-1,3,-1,3
2020-11-26 00:00:00,US_AL,25,24401,10,2227,6,1282
2020-07-08 00:00:00,CH_GR,1,1,0,0,0,0
2020-06-27 00:00:00,US_AR,37,1337,0,,3,206
2020-12-30 00:00:00,CH_BE,-5,304,-3,50,5,40
2020-07-17 00:00:00,CH_ZH,3,26,1,9,0,6
2020-11-16 00:00:00,CH_VS,1,283,-1,32,0,23
2020-12-26 00:00:00,CH_NE,-1,39,0,5,0,4
2020-09-14 00:00:00,US_UT,12,3338,1,829,1,345
2020-10-03 00:00:00,US_AL,0,17420,3,1843,2,1045
2020-12-08 00:00:00,CH_ZH,35,491,7,87,1,64
2020-05-26 00:00:00,US_KS,0,800,0,271,0,120
2020-09-14 00:00:00,CH_ZH,2,25,0,10,1,9
2020-08-15 00:00:00,US_AR,-4,3562,0,,-6,460
2020-11-01 00:00:00,US_KS,0,3832,0,1067,0,323
2020-11-04 00:00:00,US_KS,91,3984,24,1106,6,334
2020-09-11 00:00:00,CH_GR,0,1,0,0,0,0
2020-10-23 00:00:00,CH_TI,14,58,3,7,2,4
2020-09-21 00:00:00,CH_NE,0,2,0,2,0,1
2020-08-27 00:00:00,CH_SG,-1,4,0,3,0,2
2020-04-23 00:00:00,CH_VS,-4,71,0,13,-1,9
2020-07-20 00:00:00,US_KS,44,1497,12,439,1,162
2020-10-15 00:00:00,CH_ZH,0,47,0,9,0,7
2020-03-24 00:00:00,CH_BL,15,66,1,11,1,11
2020-06-01 00:00:00,CH_BL,0,0,0,0,0,0
2020-06-27 00:00:00,CH_NE,-1,2,0,0,0,0
2020-07-01 00:00:00,CH_ZH,1,13,0,2,0,0
2020-12-11 00:00:00,CH_GR,-9,33,-2,7,-1,6
2020-10-27 00:00:00,CH_BL,4,31,1,5,0,4
2020-05-14 00:00:00,CH_LU,-1,11,0,4,0,4
2020-04-03 00:00:00,US_AR,5,105,,,7,39
2021-01-24 00:00:00,US_KS,0,8041,0,2181,0,412
2020-05-18 00:00:00,US_KS,16,740,4,250,3,115
2020-07-29 00:00:00,US_KS,56,1700,18,483,3,174
2020-11-28 00:00:00,CH_VS,-10,178,0,31,-1,24
2020-05-24 00:00:00,CH_ZH,2,28,1,8,0,1
2020-09-12 00:00:00,CH_ZH,-3,22,0,10,0,8
2021-01-20 00:00:00,CH_ZH,-2,309,-2,70,2,56
2021-01-30 00:00:00,US_UT,74,13427,10,2113,4,731
2021-01-12 00:00:00,CH_LU,1,110,0,,1,15
2020-09-15 00:00:00,US_UT,23,3361,4,833,1,346
2020-06-09 00:00:00,CH_NE,0,2,0,0,0,0
2020-05-30 00:00:00,CH_NE,0,2,0,0,0,0
2021-01-05 00:00:00,CH_BE,1,307,2,51,3,44
2020-12-30 00:00:00,CH_LU,-10,119,0,,-3,15
2020-04-23 00:00:00,CH_GR,0,26,0,7,0,7
2020-04-21 00:00:00,CH_LU,1,20,0,5,1,6
2020-05-11 00:00:00,US_AL,16,1256,3,463,2,276
2021-01-11 00:00:00,CH_GR,1,45,0,6,0,6
2020-12-18 00:00:00,US_UT,92,9883,13,1707,4,605
2020-11-15 00:00:00,US_AL,0,22275,0,2151,0,1244
2020-08-23 00:00:00,US_AL,0,13502,0,1348,0,734
2020-11-25 00:00:00,US_AL,216,24376,6,2217,0,1276
2020-05-10 00:00:00,CH_GR,-2,11,-1,5,0,5
2020-06-27 00:00:00,CH_VS,-1,10,0,1,0,0
2020-08-02 00:00:00,CH_NE,0,2,0,0,0,0
2020-12-12 00:00:00,CH_BL,4,66,1,8,0,4
2020-10-06 00:00:00,CH_ZH,-5,26,-2,6,-2,5
2020-09-19 00:00:00,CH_VS,2,20,0,0,0,0
2021-01-28 00:00:00,US_KS,0,8268,0,2259,0,412
2020-07-13 00:00:00,CH_VS,-1,8,0,2,0,0
2020-07-27 00:00:00,CH_VS,0,8,0,1,0,1
2020-06-12 00:00:00,US_AL,37,2202,8,658,4,384
2020-05-05 00:00:00,CH_GR,2,18,0,5,0,5
2020-07-15 00:00:00,CH_VS,0,8,0,1,0,0
2020-09-25 00:00:00,US_AR,42,5202,0,,7,657
2020-07-31 00:00:00,CH_LU,3,12,0,5,0,5
2021-01-13 00:00:00,US_KS,189,7540,46,2027,0,413
2020-05-14 00:00:00,CH_GE,-10,166,0,6,0,6
2021-02-03 00:00:00,CH_VS,-7,129,-4,11,-1,8
2020-12-22 00:00:00,CH_TI,1,350,-2,39,-4,33
2021-01-19 00:00:00,CH_ZH,0,311,1,72,0,54
2020-06-09 00:00:00,US_AL,33,2087,8,631,4,375
2020-12-16 00:00:00,CH_LU,7,100,0,,-2,17
2020-05-03 00:00:00,CH_NE,0,26,0,2,0,2
2020-06-09 00:00:00,CH_ZH,-1,6,0,0,0,0
2020-06-20 00:00:00,US_UT,16,1161,3,333,1,149
2020-12-30 00:00:00,US_AR,103,11271,0,,13,1212
2020-09-04 00:00:00,CH_VS,1,11,0,0,0,0
2021-01-18 00:00:00,CH_GR,0,39,2,10,1,9
2021-01-25 00:00:00,CH_TI,2,209,-1,31,1,23
2021-01-25 00:00:00,US_AR,45,13312,0,,5,1395
2020-08-18 00:00:00,CH_ZH,0,33,0,9,0,9
2020-10-13 00:00:00,US_UT,52,4383,14,984,7,392
2020-08-20 00:00:00,CH_TI,0,0,0,0,0,0
2020-10-03 00:00:00,CH_BL,0,0,0,0,0,0
2021-01-27 00:00:00,CH_VS,-3,145,2,15,1,10
2021-01-16 00:00:00,US_UT,101,12452,12,1979,1,678
2020-12-31 00:00:00,CH_NE,-2,41,0,4,0,2
2020-04-03 00:00:00,CH_ZH,7,207,0,0,4,57
2020-12-13 00:00:00,CH_NE,0,81,0,6,0,3
2021-02-02 00:00:00,CH_ZH,-5,230,3,54,0,36
2020-04-26 00:00:00,CH_BL,-2,21,-1,0,0,0
2020-06-22 00:00:00,US_AL,11,2471,4,725,0,424
2021-02-02 00:00:00,CH_VS,4,136,-1,15,-2,9
2020-03-31 00:00:00,CH_VS,-1,153,-1,24,0,23
2020-06-10 00:00:00,US_UT,23,954,2,276,0,116
2020-03-30 00:00:00,CH_NE,-3,57,-4,12,0,6
2021-01-04 00:00:00,CH_BL,5,74,1,8,0,7
2020-03-07 00:00:00,CH_GE,0,7,0,0,0,0
2020-12-05 00:00:00,CH_TI,17,350,3,39,0,23
2020-03-26 00:00:00,CH_BL,0,68,1,9,1,9
2021-01-21 00:00:00,CH_LU,-6,82,0,,2,14
2021-01-23 00:00:00,US_AL,0,40514,10,2510,6,1432
2020-04-05 00:00:00,CH_VS,-3,147,-2,26,0,23
2020-03-25 00:00:00,CH_GE,23,240,9,50,7,48
2020-10-26 00:00:00,US_AL,379,19974,3,2025,2,1159
2020-04-15 00:00:00,CH_TI,-9,265,-3,60,-4,50
2020-04-30 00:00:00,CH_GR,-2,21,0,6,0,6
2020-08-07 00:00:00,CH_NE,0,1,0,0,0,0
2020-07-30 00:00:00,US_AL,177,10070,20,1129,10,605
2020-08-22 00:00:00,US_UT,29,2899,3,740,3,297
2020-10-31 00:00:00,CH_VS,21,236,5,23,3,7
2020-08-06 00:00:00,CH_LU,-1,13,0,5,0,5
2020-12-13 00:00:00,US_KS,0,5800,0,1564,0,409
2021-01-28 00:00:00,CH_LU,-14,70,0,,0,16
2020-04-29 00:00:00,CH_LU,-1,16,1,8,1,8
2020-05-18 00:00:00,US_AL,24,1416,8,512,6,302
2020-10-07 00:00:00,CH_TI,-1,4,0,0,0,0
2020-09-16 00:00:00,CH_NE,1,3,1,1,0,0
2020-11-16 00:00:00,CH_BL,-1,65,0,4,0,2
2020-03-01 00:00:00,CH_GR,0,0,0,0,0,0
2020-07-31 00:00:00,US_AL,451,10521,15,1144,8,613
2020-04-30 00:00:00,CH_LU,0,16,0,8,0,8
2020-05-13 00:00:00,CH_GE,-5,176,1,6,1,6
2020-12-06 00:00:00,CH_BL,2,62,-1,6,-1,4
2020-06-07 00:00:00,CH_TI,-1,14,1,2,0,0
2020-06-22 00:00:00,CH_BL,0,0,0,0,0,0
2020-12-04 00:00:00,US_AR,123,9329,0,,9,1034
2020-05-12 00:00:00,US_UT,18,535,9,178,4,80
2020-11-20 00:00:00,CH_VS,-12,236,-1,36,0,29
2020-11-09 00:00:00,CH_VS,-9,335,-3,34,2,26
2020-08-27 00:00:00,CH_BL,1,3,0,1,0,1
2021-01-15 00:00:00,US_KS,173,7713,41,2068,0,413
2020-11-21 00:00:00,CH_NE,4,141,0,14,-1,12
2020-05-24 00:00:00,CH_BL,0,2,0,0,0,0
2020-03-16 00:00:00,CH_GE,18,62,-2,10,1,9
2021-01-08 00:00:00,CH_TI,-1,366,2,53,1,48
2020-08-25 00:00:00,CH_SG,-3,6,2,3,-1,3
2021-01-31 00:00:00,CH_VS,10,126,1,14,-1,11
2020-12-02 00:00:00,CH_ZH,7,400,2,89,4,66
2020-11-27 00:00:00,CH_NE,-2,123,-4,12,0,9
2020-10-29 00:00:00,US_AL,130,20246,7,2056,7,1183
2020-04-01 00:00:00,CH_AG,9,94,5,27,2,27
2020-04-23 00:00:00,US_AL,38,768,0,288,0,170
2020-08-01 00:00:00,CH_ZH,2,36,0,7,0,5
2020-06-16 00:00:00,US_AL,56,2315,6,682,4,399
2020-09-25 00:00:00,US_AL,74,16852,103,1782,69,1000
2020-05-25 00:00:00,CH_GR,1,5,0,2,0,2
2020-03-24 00:00:00,CH_ZH,11,138,0,0,-1,26
2021-01-29 00:00:00,CH_BL,-3,17,-2,5,-2,4
2021-01-09 00:00:00,CH_BL,1,65,-2,7,0,6
2020-12-08 00:00:00,US_KS,0,5509,0,1474,0,409
2020-12-30 00:00:00,CH_SG,-10,171,0,27,0,26
2020-06-01 00:00:00,CH_ZH,0,11,0,3,0,1
2020-09-09 00:00:00,CH_VS,-2,13,0,0,0,0
2020-04-01 00:00:00,CH_BL,-2,86,-1,17,1,17
2021-01-14 00:00:00,CH_VS,15,126,0,11,1,9
2020-06-28 00:00:00,CH_NE,0,2,0,0,0,0
2021-01-21 00:00:00,CH_VS,2,126,1,13,0,9
2020-10-24 00:00:00,CH_ZH,18,130,1,21,3,16
2020-03-08 00:00:00,CH_BL,0,4,0,2,0,2
2020-03-02 00:00:00,CH_TI,0,0,0,0,0,0
2020-07-31 00:00:00,CH_BE,0,12,0,2,1,1
2020-08-18 00:00:00,CH_NE,0,0,0,0,0,0
2020-05-29 00:00:00,CH_GE,-4,5,0,0,0,0
2020-04-01 00:00:00,CH_BE,4,115,3,26,3,21
2020-12-06 00:00:00,US_KS,0,5417,0,1453,0,409
2020-11-23 00:00:00,US_AR,51,8523,0,,7,945
2020-12-02 00:00:00,CH_TI,-10,336,-3,39,-1,27
2020-11-09 00:00:00,CH_TI,9,290,1,23,-1,18
2021-02-03 00:00:00,US_KS,89,8578,22,2333,-1,411
2020-11-26 00:00:00,CH_GR,-5,41,0,7,0,5
2020-06-04 00:00:00,CH_BE,0,6,0,0,0,0
2021-02-02 00:00:00,CH_LU,-8,62,0,,-3,9
2020-10-14 00:00:00,US_KS,70,3309,23,913,6,280
2020-10-08 00:00:00,CH_TI,2,6,0,0,0,0
2020-06-18 00:00:00,CH_GE,-2,4,0,0,0,0
2020-08-31 00:00:00,CH_VS,0,10,0,0,0,0
2020-05-27 00:00:00,CH_NE,1,5,1,2,-1,0
2020-08-10 00:00:00,CH_GR,-1,0,0,0,0,0
2020-07-10 00:00:00,CH_VS,-1,9,1,2,0,0
2020-09-04 00:00:00,US_AR,36,4422,0,,2,564
2020-07-15 00:00:00,US_AR,76,1948,0,,6,279
2020-11-16 00:00:00,US_UT,90,6859,5,1303,0,487
2020-04-11 00:00:00,CH_LU,-1,21,0,,-1,5
2020-05-14 00:00:00,CH_BL,1,3,0,1,0,0
2020-06-01 00:00:00,CH_VS,0,15,-2,3,0,2
2020-10-28 00:00:00,CH_NE,9,86,1,14,2,7
2020-11-19 00:00:00,CH_VS,-12,248,3,37,2,29
2020-11-19 00:00:00,CH_BL,-2,73,0,6,1,3
2020-08-31 00:00:00,US_KS,26,2304,12,628,3,209
2020-10-04 00:00:00,US_UT,24,3980,2,923,0,366
2020-12-04 00:00:00,CH_TI,4,333,0,36,-1,23
2020-08-16 00:00:00,US_AL,0,12607,3,1316,1,720
2020-12-18 00:00:00,CH_ZH,-33,488,-4,99,0,73
2021-01-04 00:00:00,US_AR,0,11514,0,,0,1234
2020-06-30 00:00:00,CH_GE,1,8,0,1,0,1
2020-11-27 00:00:00,CH_ZH,-8,389,-1,72,5,54
2021-01-16 00:00:00,US_KS,0,7713,0,2068,0,413
2020-04-06 00:00:00,CH_VS,-13,134,0,26,-1,22
2020-09-10 00:00:00,CH_VS,1,14,0,0,0,0
2020-07-24 00:00:00,CH_NE,0,2,0,0,0,0
2020-09-06 00:00:00,US_AL,0,14914,0,1537,0,848
2021-02-03 00:00:00,CH_BE,-8,117,-5,20,-1,17
2020-05-30 00:00:00,CH_GE,-3,2,0,0,0,0
2020-06-01 00:00:00,US_UT,14,789,0,242,0,102
2020-05-15 00:00:00,US_UT,8,566,3,190,0,83
2020-06-17 00:00:00,CH_GR,0,0,0,0,0,0
2020-05-15 00:00:00,CH_LU,0,11,0,4,0,4
2020-09-25 00:00:00,CH_LU,0,8,0,1,0,1
2020-03-27 00:00:00,CH_GR,6,58,0,11,0,7
2020-09-24 00:00:00,US_AL,80,16778,10,1679,11,931
2020-05-19 00:00:00,CH_ZH,-3,30,-4,8,-2,6
2020-08-07 00:00:00,US_UT,24,2578,0,657,3,269
2020-06-28 00:00:00,CH_BE,0,1,0,0,0,0
2020-05-21 00:00:00,CH_GE,2,16,0,1,0,0
2020-07-06 00:00:00,CH_BE,-1,3,0,1,0,1
2020-08-24 00:00:00,CH_BL,0,1,0,1,0,1
2020-12-26 00:00:00,CH_GR,-5,42,0,8,0,6
2020-06-11 00:00:00,CH_BL,0,0,0,0,0,0
2020-07-10 00:00:00,CH_NE,2,3,0,0,0,0
2020-06-17 00:00:00,CH_LU,1,7,0,2,0,2
2021-02-06 00:00:00,US_KS,0,8680,0,2361,0,411
2020-05-15 00:00:00,CH_TI,-8,63,-2,7,-2,5
2020-06-16 00:00:00,CH_VS,-1,12,0,2,0,0
2020-07-25 00:00:00,CH_NE,0,2,0,0,0,0
2020-05-21 00:00:00,CH_BL,0,3,0,0,0,0
2020-10-31 00:00:00,CH_GR,1,34,1,6,1,5
2020-04-24 00:00:00,CH_AG,5,40,0,14,0,14
2020-12-05 00:00:00,CH_BL,3,60,1,7,1,5
2020-06-15 00:00:00,CH_ZH,0,9,0,1,0,0
2020-11-14 00:00:00,US_UT,85,6676,3,1297,1,486
2020-04-16 00:00:00,CH_BE,-12,70,-4,26,-6,12
2020-10-29 00:00:00,CH_ZH,20,221,2,26,4,21
2020-06-13 00:00:00,CH_GR,0,1,0,0,0,0
2020-12-16 00:00:00,US_UT,107,9692,10,1686,6,598
2020-10-28 00:00:00,CH_BE,-4,213,2,22,1,14
2020-05-02 00:00:00,CH_BL,0,8,1,2,1,2
2020-04-07 00:00:00,CH_LU,-1,27,0,6,0,6
2020-12-27 00:00:00,US_KS,0,6424,0,1722,0,411
2020-11-02 00:00:00,CH_NE,3,105,1,17,-1,8
2020-10-30 00:00:00,CH_NE,17,91,2,14,1,6
2021-01-09 00:00:00,CH_ZH,-37,380,-3,86,-3,60
2021-01-12 00:00:00,CH_SG,-8,116,0,18,0,18
2020-11-15 00:00:00,CH_GR,6,78,0,10,-1,9
2020-07-01 00:00:00,CH_GR,0,0,0,0,0,0
2021-01-27 00:00:00,CH_BE,-9,141,0,29,2,26
2020-04-30 00:00:00,CH_VS,0,58,-1,10,0,8
2020-07-11 00:00:00,US_AL,3656,6745,16,904,3,496
2020-12-29 00:00:00,US_KS,0,6568,0,1762,0,411
2020-11-01 00:00:00,CH_BL,2,34,-1,5,0,4
2020-05-10 00:00:00,US_AL,12,1240,1,460,2,274
2020-03-16 00:00:00,CH_VS,6,42,1,2,0,1
2020-06-15 00:00:00,US_UT,13,1041,2,304,0,134
2020-05-24 00:00:00,CH_TI,5,50,-2,4,-1,4
2020-05-13 00:00:00,CH_NE,-1,12,0,1,0,1
2020-05-09 00:00:00,CH_ZH,-10,37,0,8,0,5
2020-09-04 00:00:00,CH_TI,0,1,0,0,0,0
2021-01-23 00:00:00,CH_GR,2,27,-1,8,-1,7
2020-10-02 00:00:00,US_AL,163,17420,8,1840,6,1043
2021-02-05 00:00:00,CH_GR,-6,20,-1,6,-1,6
2021-01-11 00:00:00,CH_ZH,25,401,0,87,-1,57
2020-12-01 00:00:00,CH_ZH,-17,393,3,87,5,62
2020-10-09 00:00:00,CH_NE,2,12,2,2,1,1
