[
    {
        "path": "404.html",
        "type": "file",
        "md5": "2a32b363bd5fbea713a00b1e4611420a"
    },
    {
        "path": "algorithms.html",
        "type": "file",
        "md5": "1735f213c28312e1dfe90883912fa69f"
    },
    {
        "path": "appendices.html",
        "type": "file",
        "md5": "ab271eb643b5651d403fa6ef26286d51"
    },
    {
        "path": "assets",
        "type": "directory",
        "md5": false
    },
    {
        "path": "assets/css",
        "type": "directory",
        "md5": false
    },
    {
        "path": "/assets/css/editor.css",
        "type": "file",
        "md5": "e5909a88ba1158a79ba2dbf82d6b2d86"
    },
    {
        "path": "/assets/css/main.css",
        "type": "file",
        "md5": "7e402b151968b2ffde42b5a311112538"
    },
    {
        "path": "/assets/css/photoswipe.css",
        "type": "file",
        "md5": "ffb247881cd6f611d007fd4a96b7b16a"
    },
    {
        "path": "/assets/css/style.css",
        "type": "file",
        "md5": "d05eb3a38e2a8b75f4aa02fb29848ca4"
    },
    {
        "path": "assets/js",
        "type": "directory",
        "md5": false
    },
    {
        "path": "/assets/js/photoswipe-ui-default.min.js",
        "type": "file",
        "md5": "d067f0883540b1ddda0e2c9ad1b14260"
    },
    {
        "path": "/assets/js/photoswipe.min.js",
        "type": "file",
        "md5": "017385b552f7e0d979e2e2fe6f324015"
    },
    {
        "path": "/assets/js/scripts.js",
        "type": "file",
        "md5": "05427e2daed6c1cfbc54e3764b5a5df5"
    },
    {
        "path": "/assets/js/scripts.min.js",
        "type": "file",
        "md5": "babd20e2a0a25821e63a0529c9feaae0"
    },
    {
        "path": "/assets/js/svg-fix.js",
        "type": "file",
        "md5": "7c0d2bb7276904b382e80bf2d85e8a96"
    },
    {
        "path": "/assets/js/svg-map.js",
        "type": "file",
        "md5": "366a23061e427d57de5b78be544fd9a7"
    },
    {
        "path": "assets/svg",
        "type": "directory",
        "md5": false
    },
    {
        "path": "/assets/svg/gallery-icons-dark.svg",
        "type": "file",
        "md5": "452594838e74a3df91ad4a20cf53c831"
    },
    {
        "path": "/assets/svg/gallery-icons-light.svg",
        "type": "file",
        "md5": "ca77079e0fe8270a7447d7f1f5d543b0"
    },
    {
        "path": "/assets/svg/svg-map.svg",
        "type": "file",
        "md5": "d08d79de0e5a0310e4357218385c8429"
    },
    {
        "path": "authors",
        "type": "directory",
        "md5": false
    },
    {
        "path": "authors/james-chang",
        "type": "directory",
        "md5": false
    },
    {
        "path": "/authors/james-chang/index.html",
        "type": "file",
        "md5": "1d20a8b322f05791ee3d089bf9a4052d"
    },
    {
        "path": "authors/james-chang/page",
        "type": "directory",
        "md5": false
    },
    {
        "path": "authors/james-chang/page/2",
        "type": "directory",
        "md5": false
    },
    {
        "path": "/authors/james-chang/page/2/index.html",
        "type": "file",
        "md5": "ee91755ac73e972a93f8dbc1ccf731e1"
    },
    {
        "path": "evaluation.html",
        "type": "file",
        "md5": "550411ef013f22c67c866af8a738620d"
    },
    {
        "path": "example.html",
        "type": "file",
        "md5": "5b7feca984e2f2c085d55d730027e82e"
    },
    {
        "path": "implementation.html",
        "type": "file",
        "md5": "3cb8401dd04d2ee33e98ce415bd3905c"
    },
    {
        "path": "index.html",
        "type": "file",
        "md5": "56a76c68aeaf5d97435b6b3b58ccba0a"
    },
    {
        "path": "media",
        "type": "directory",
        "md5": false
    },
    {
        "path": "media/posts",
        "type": "directory",
        "md5": false
    },
    {
        "path": "media/posts/1",
        "type": "directory",
        "md5": false
    },
    {
        "path": "/media/posts/1/gantt-chart.png",
        "type": "file",
        "md5": "9e2346b67b4b373ef96878fca26eec97"
    },
    {
        "path": "media/posts/1/responsive",
        "type": "directory",
        "md5": false
    },
    {
        "path": "/media/posts/1/responsive/gantt-chart-md.png",
        "type": "file",
        "md5": "cdc9e98fc5438d161ff346974f3e2325"
    },
    {
        "path": "/media/posts/1/responsive/gantt-chart-sm.png",
        "type": "file",
        "md5": "41b67d7b8061dbc62a8a510bb13352a7"
    },
    {
        "path": "/media/posts/1/responsive/gantt-chart-xs.png",
        "type": "file",
        "md5": "02fb4432cea10996cb182a2312d3cebc"
    },
    {
        "path": "media/posts/10",
        "type": "directory",
        "md5": false
    },
    {
        "path": "/media/posts/10/Django-algorithm.png",
        "type": "file",
        "md5": "cd13f76e8de1125595597121e8bb3c01"
    },
    {
        "path": "/media/posts/10/LIME-algorithm.png",
        "type": "file",
        "md5": "ce204d30812c3e43429d8cd0eb5b297c"
    },
    {
        "path": "/media/posts/10/SHAP-function.png",
        "type": "file",
        "md5": "69a803b12fb0c9a1e5e66aac31230071"
    },
    {
        "path": "media/posts/10/responsive",
        "type": "directory",
        "md5": false
    },
    {
        "path": "/media/posts/10/responsive/Django-algorithm-md.png",
        "type": "file",
        "md5": "fdd13aa1f8a505b24043c0a61a91f5b6"
    },
    {
        "path": "/media/posts/10/responsive/Django-algorithm-sm.png",
        "type": "file",
        "md5": "ac2687d40a9b71f4691da948c95115ae"
    },
    {
        "path": "/media/posts/10/responsive/Django-algorithm-xs.png",
        "type": "file",
        "md5": "e32b1f90e3fe9a21f9b17fb7be6918a9"
    },
    {
        "path": "/media/posts/10/responsive/LIME-algorithm-md.png",
        "type": "file",
        "md5": "357d6bc3db8b84ca6ad4e4cc56246226"
    },
    {
        "path": "/media/posts/10/responsive/LIME-algorithm-sm.png",
        "type": "file",
        "md5": "a6ba872eb0c32e96e53f2a94a3ddb81c"
    },
    {
        "path": "/media/posts/10/responsive/LIME-algorithm-xs.png",
        "type": "file",
        "md5": "5859bc652e9232c42796be65e1aeed8f"
    },
    {
        "path": "/media/posts/10/responsive/SHAP-function-md.png",
        "type": "file",
        "md5": "dfc4a29bc5a3084330d7238e35dc93d7"
    },
    {
        "path": "/media/posts/10/responsive/SHAP-function-sm.png",
        "type": "file",
        "md5": "dfc4a29bc5a3084330d7238e35dc93d7"
    },
    {
        "path": "/media/posts/10/responsive/SHAP-function-xs.png",
        "type": "file",
        "md5": "3f841bc8c2d2d087253fbdc8d695ad33"
    },
    {
        "path": "media/posts/2",
        "type": "directory",
        "md5": false
    },
    {
        "path": "/media/posts/2/Screenshot-2021-03-09-at-18.29.08-2.png",
        "type": "file",
        "md5": "5a9197e8cfd50bbba63a0d460ccf784c"
    },
    {
        "path": "/media/posts/2/Screenshot-2021-03-09-at-18.36.51-2.png",
        "type": "file",
        "md5": "cbd77a095191825e7ff0bc52aa5eb968"
    },
    {
        "path": "/media/posts/2/Screenshot-2021-03-09-at-18.37.02.png",
        "type": "file",
        "md5": "710802ef3f91a78915efe08f92a0d519"
    },
    {
        "path": "/media/posts/2/Screenshot-2021-03-09-at-18.51.37.png",
        "type": "file",
        "md5": "fd1b66262733cb1dbdebd3d2e2acdefa"
    },
    {
        "path": "/media/posts/2/Use-Case-Diagram.png",
        "type": "file",
        "md5": "d84e80f7492e0714580e2a4771bccb7d"
    },
    {
        "path": "/media/posts/2/Use-Case-list-4.jpg",
        "type": "file",
        "md5": "4fb528047edca99a6bac361b4b1703d2"
    },
    {
        "path": "media/posts/2/gallery",
        "type": "directory",
        "md5": false
    },
    {
        "path": "/media/posts/2/gallery/Screenshot-2021-03-09-at-18.37.02.png",
        "type": "file",
        "md5": "710802ef3f91a78915efe08f92a0d519"
    },
    {
        "path": "media/posts/2/responsive",
        "type": "directory",
        "md5": false
    },
    {
        "path": "/media/posts/2/responsive/Screenshot-2021-03-09-at-18.29.08-2-md.png",
        "type": "file",
        "md5": "037a811232540e06dfe7c39c51d892e7"
    },
    {
        "path": "/media/posts/2/responsive/Screenshot-2021-03-09-at-18.29.08-2-sm.png",
        "type": "file",
        "md5": "8e9c79080641cf036dcbc1d9135f942d"
    },
    {
        "path": "/media/posts/2/responsive/Screenshot-2021-03-09-at-18.29.08-2-xs.png",
        "type": "file",
        "md5": "6ecac676fe3a6b11e681889d19bcd82e"
    },
    {
        "path": "/media/posts/2/responsive/Screenshot-2021-03-09-at-18.36.51-2-md.png",
        "type": "file",
        "md5": "2fad840674e54c15faa7f388fca76391"
    },
    {
        "path": "/media/posts/2/responsive/Screenshot-2021-03-09-at-18.36.51-2-sm.png",
        "type": "file",
        "md5": "ff810401fae0eb3ba5921b8f898bd4a9"
    },
    {
        "path": "/media/posts/2/responsive/Screenshot-2021-03-09-at-18.36.51-2-xs.png",
        "type": "file",
        "md5": "76243608744ca72e524739364e670646"
    },
    {
        "path": "/media/posts/2/responsive/Screenshot-2021-03-09-at-18.37.02-md.png",
        "type": "file",
        "md5": "c469b1995ba4e9fbf1259a803fac27db"
    },
    {
        "path": "/media/posts/2/responsive/Screenshot-2021-03-09-at-18.37.02-sm.png",
        "type": "file",
        "md5": "01e31269e489220e72d73f8e8bd1292b"
    },
    {
        "path": "/media/posts/2/responsive/Screenshot-2021-03-09-at-18.37.02-xs.png",
        "type": "file",
        "md5": "9452ebf7b87a826ed329831680e84499"
    },
    {
        "path": "/media/posts/2/responsive/Screenshot-2021-03-09-at-18.51.37-md.png",
        "type": "file",
        "md5": "137ad47212d021e42890588419d56f42"
    },
    {
        "path": "/media/posts/2/responsive/Screenshot-2021-03-09-at-18.51.37-sm.png",
        "type": "file",
        "md5": "24dae6953e33d3bf6b5a88ddbfa5671d"
    },
    {
        "path": "/media/posts/2/responsive/Screenshot-2021-03-09-at-18.51.37-xs.png",
        "type": "file",
        "md5": "46422fe4adeb9efb90ed276c940e86ad"
    },
    {
        "path": "/media/posts/2/responsive/Use-Case-Diagram-md.png",
        "type": "file",
        "md5": "386948490a4029f6ec29de4680ef6234"
    },
    {
        "path": "/media/posts/2/responsive/Use-Case-Diagram-sm.png",
        "type": "file",
        "md5": "87a2673eeee79da74c9132e14dc13c56"
    },
    {
        "path": "/media/posts/2/responsive/Use-Case-Diagram-xs.png",
        "type": "file",
        "md5": "6b93611826368ceaa347ddb26a6648b7"
    },
    {
        "path": "/media/posts/2/responsive/Use-Case-list-4-md.jpg",
        "type": "file",
        "md5": "3698deb7d78f1fb2925fd2546ecd4619"
    },
    {
        "path": "/media/posts/2/responsive/Use-Case-list-4-sm.jpg",
        "type": "file",
        "md5": "e0445e2c4409f1d864c6157ded028a46"
    },
    {
        "path": "/media/posts/2/responsive/Use-Case-list-4-xs.jpg",
        "type": "file",
        "md5": "04e28d7044d5553f4ccd215c2f0a0f2d"
    },
    {
        "path": "media/posts/4",
        "type": "directory",
        "md5": false
    },
    {
        "path": "/media/posts/4/Screenshot-2021-03-11-at-23.34.24.png",
        "type": "file",
        "md5": "634939bdbde1fb5ab29c6dbdcf9abe9a"
    },
    {
        "path": "/media/posts/4/Screenshot-2021-03-11-at-23.46.26.png",
        "type": "file",
        "md5": "2c7ab4135df07125b7f141676fe426ec"
    },
    {
        "path": "media/posts/4/responsive",
        "type": "directory",
        "md5": false
    },
    {
        "path": "/media/posts/4/responsive/Screenshot-2021-03-11-at-23.34.24-md.png",
        "type": "file",
        "md5": "87b86406a375ccdade3c0be0c7e2777e"
    },
    {
        "path": "/media/posts/4/responsive/Screenshot-2021-03-11-at-23.34.24-sm.png",
        "type": "file",
        "md5": "fcb0bfd07ae049a18b40431f4abc2d38"
    },
    {
        "path": "/media/posts/4/responsive/Screenshot-2021-03-11-at-23.34.24-xs.png",
        "type": "file",
        "md5": "6032b47b4ae267e5317259fcdbb80116"
    },
    {
        "path": "/media/posts/4/responsive/Screenshot-2021-03-11-at-23.46.26-md.png",
        "type": "file",
        "md5": "caf73b6d72d1654407c7629095f27667"
    },
    {
        "path": "/media/posts/4/responsive/Screenshot-2021-03-11-at-23.46.26-sm.png",
        "type": "file",
        "md5": "4c7328fbd4a10b53192765512cf1a33b"
    },
    {
        "path": "/media/posts/4/responsive/Screenshot-2021-03-11-at-23.46.26-xs.png",
        "type": "file",
        "md5": "9e73fab754b78b3898bc6fad4a770c0d"
    },
    {
        "path": "/media/posts/4/responsive/xai-framework-md.png",
        "type": "file",
        "md5": "78ea7a4190d933c4a300366f4a1764af"
    },
    {
        "path": "/media/posts/4/responsive/xai-framework-sm.png",
        "type": "file",
        "md5": "ac98cdaaa3c541aafa6d11a601d73ba6"
    },
    {
        "path": "/media/posts/4/responsive/xai-framework-xs.png",
        "type": "file",
        "md5": "3e0c0db4859a2974fa9df4fdd889641e"
    },
    {
        "path": "/media/posts/4/xai-framework.png",
        "type": "file",
        "md5": "9c60b1f48988c3fcedc283874a6e69e2"
    },
    {
        "path": "media/posts/5",
        "type": "directory",
        "md5": false
    },
    {
        "path": "/media/posts/5/Figma-1-2.png",
        "type": "file",
        "md5": "04bfcd92dad53e5165a056f1123436c4"
    },
    {
        "path": "/media/posts/5/Figma-2.png",
        "type": "file",
        "md5": "0c87010fa65a750b9c474f048d9f5a36"
    },
    {
        "path": "/media/posts/5/Picture-1.png",
        "type": "file",
        "md5": "fc9a60a2cd769cb8fe6a54130b68981b"
    },
    {
        "path": "/media/posts/5/Picture-2.png",
        "type": "file",
        "md5": "e7de90455cdf47eb0a841d46e1bd7759"
    },
    {
        "path": "media/posts/5/responsive",
        "type": "directory",
        "md5": false
    },
    {
        "path": "/media/posts/5/responsive/Figma-1-2-md.png",
        "type": "file",
        "md5": "561c1f790589bd1e252b2fc7c82f3f1f"
    },
    {
        "path": "/media/posts/5/responsive/Figma-1-2-sm.png",
        "type": "file",
        "md5": "13b81fec354db2f3efe220c307a464ab"
    },
    {
        "path": "/media/posts/5/responsive/Figma-1-2-xs.png",
        "type": "file",
        "md5": "d9e4adff250a004fbee44a960f7fcae5"
    },
    {
        "path": "/media/posts/5/responsive/Figma-2-md.png",
        "type": "file",
        "md5": "03bef3a2bbb5dd941f63c72bb0993194"
    },
    {
        "path": "/media/posts/5/responsive/Figma-2-sm.png",
        "type": "file",
        "md5": "a3f8c0aa5d59344a945e3101f846b9e1"
    },
    {
        "path": "/media/posts/5/responsive/Figma-2-xs.png",
        "type": "file",
        "md5": "f2e7157a94892a4796034760d272a334"
    },
    {
        "path": "/media/posts/5/responsive/Picture-1-md.png",
        "type": "file",
        "md5": "0af6a83a6345ac3d7b12365562d601e0"
    },
    {
        "path": "/media/posts/5/responsive/Picture-1-sm.png",
        "type": "file",
        "md5": "ed70c6ea5edca6fbd98c1e2dbae8caf9"
    },
    {
        "path": "/media/posts/5/responsive/Picture-1-xs.png",
        "type": "file",
        "md5": "8ffc164a7ed7dc99109e1f85c3a8acc2"
    },
    {
        "path": "/media/posts/5/responsive/Picture-2-md.png",
        "type": "file",
        "md5": "b5b0ed34690bd47eb80ff68e879f2bef"
    },
    {
        "path": "/media/posts/5/responsive/Picture-2-sm.png",
        "type": "file",
        "md5": "fa94da75f93afd9a58fc1870b306a5c8"
    },
    {
        "path": "/media/posts/5/responsive/Picture-2-xs.png",
        "type": "file",
        "md5": "1f0b43fbd6dd0cf8eb277796fd196d67"
    },
    {
        "path": "media/posts/6",
        "type": "directory",
        "md5": false
    },
    {
        "path": "/media/posts/6/Site-Map.png",
        "type": "file",
        "md5": "3cbfee2922b29b6a42f56eedb494cae4"
    },
    {
        "path": "/media/posts/6/System-Architecture.jpg",
        "type": "file",
        "md5": "781a1af7d8ff53289071c53fb5ef4975"
    },
    {
        "path": "media/posts/6/responsive",
        "type": "directory",
        "md5": false
    },
    {
        "path": "/media/posts/6/responsive/Site-Map-md.png",
        "type": "file",
        "md5": "eac289e925b4d1be5a27c9614aa42c8e"
    },
    {
        "path": "/media/posts/6/responsive/Site-Map-sm.png",
        "type": "file",
        "md5": "eac289e925b4d1be5a27c9614aa42c8e"
    },
    {
        "path": "/media/posts/6/responsive/Site-Map-xs.png",
        "type": "file",
        "md5": "8d2d961b86c11aeb1d52ff86b882602a"
    },
    {
        "path": "/media/posts/6/responsive/System-Architecture-md.jpg",
        "type": "file",
        "md5": "a60f277099e994b7f21947d3c95863a5"
    },
    {
        "path": "/media/posts/6/responsive/System-Architecture-sm.jpg",
        "type": "file",
        "md5": "f4692171781f3d693a24a13b97d213a2"
    },
    {
        "path": "/media/posts/6/responsive/System-Architecture-xs.jpg",
        "type": "file",
        "md5": "e165d22ca5fb175fe0a0a4cdad76793c"
    },
    {
        "path": "media/posts/7",
        "type": "directory",
        "md5": false
    },
    {
        "path": "/media/posts/7/Design-Pattern-Example.png",
        "type": "file",
        "md5": "4327ed1acf7565dc0593d1d2dc540cc7"
    },
    {
        "path": "/media/posts/7/Django-REST.png",
        "type": "file",
        "md5": "2f7e678874b9240b6f79d66e78642ad7"
    },
    {
        "path": "/media/posts/7/Django-example-2.png",
        "type": "file",
        "md5": "285e2577c4242d3e9a883534f3695751"
    },
    {
        "path": "/media/posts/7/Django-example-3.png",
        "type": "file",
        "md5": "d5e6390f0a04de50d8484f7375560255"
    },
    {
        "path": "/media/posts/7/Django-example.png",
        "type": "file",
        "md5": "57216d508e8c1cd3d4afc5c63af285d2"
    },
    {
        "path": "/media/posts/7/LSP-example.png",
        "type": "file",
        "md5": "d3b3682bbcb7184583413d964f7ee1dd"
    },
    {
        "path": "/media/posts/7/Python-code-1.png",
        "type": "file",
        "md5": "cedba8f6157752f7598b3fadd038223b"
    },
    {
        "path": "/media/posts/7/Python-code-2-2.png",
        "type": "file",
        "md5": "7f6f5bf680933394e0bda49d83865c22"
    },
    {
        "path": "/media/posts/7/github-2-2.png",
        "type": "file",
        "md5": "9b6bc06aa1618b33edc14575450834b5"
    },
    {
        "path": "/media/posts/7/github-3.png",
        "type": "file",
        "md5": "98aaa5c03a4ada4207e4dcbc5a20aec3"
    },
    {
        "path": "/media/posts/7/github-pipeline.png",
        "type": "file",
        "md5": "07510c54371eaf8a0806a985290e186b"
    },
    {
        "path": "media/posts/7/responsive",
        "type": "directory",
        "md5": false
    },
    {
        "path": "/media/posts/7/responsive/Design-Pattern-Example-md.png",
        "type": "file",
        "md5": "f85a5a39658f3781ca3a74875cd5bdf7"
    },
    {
        "path": "/media/posts/7/responsive/Design-Pattern-Example-sm.png",
        "type": "file",
        "md5": "c79020e68115e953a03fb2dc67f7c08a"
    },
    {
        "path": "/media/posts/7/responsive/Design-Pattern-Example-xs.png",
        "type": "file",
        "md5": "e8c3fbf6669e6c0ee81ca2c35d7c8041"
    },
    {
        "path": "/media/posts/7/responsive/Django-REST-md.png",
        "type": "file",
        "md5": "fb0193f7c8002b134627f4c67701a5d7"
    },
    {
        "path": "/media/posts/7/responsive/Django-REST-sm.png",
        "type": "file",
        "md5": "5654f84e11c91eed6ad06c4ff1bfc9a4"
    },
    {
        "path": "/media/posts/7/responsive/Django-REST-xs.png",
        "type": "file",
        "md5": "89db81960a74c5a58d7ec772baffd02e"
    },
    {
        "path": "/media/posts/7/responsive/Django-example-2-md.png",
        "type": "file",
        "md5": "565aabd9d1502455d9eaecded3098f3d"
    },
    {
        "path": "/media/posts/7/responsive/Django-example-2-sm.png",
        "type": "file",
        "md5": "8c2393c1daa02def8023d633e75d4ddc"
    },
    {
        "path": "/media/posts/7/responsive/Django-example-2-xs.png",
        "type": "file",
        "md5": "06efa0aa81e3e6d2d8ac673090d60b2d"
    },
    {
        "path": "/media/posts/7/responsive/Django-example-3-md.png",
        "type": "file",
        "md5": "9670e4ab3a7388226cdd21a080c31837"
    },
    {
        "path": "/media/posts/7/responsive/Django-example-3-sm.png",
        "type": "file",
        "md5": "80079413078c44911636922966a28203"
    },
    {
        "path": "/media/posts/7/responsive/Django-example-3-xs.png",
        "type": "file",
        "md5": "73e955a29e819aaf3fbcd021025eded3"
    },
    {
        "path": "/media/posts/7/responsive/Django-example-md.png",
        "type": "file",
        "md5": "148e83d0970ec3e18855963ece846596"
    },
    {
        "path": "/media/posts/7/responsive/Django-example-sm.png",
        "type": "file",
        "md5": "ac8b9b3ad2df2ff5b602d1c0f1b6cece"
    },
    {
        "path": "/media/posts/7/responsive/Django-example-xs.png",
        "type": "file",
        "md5": "2aa192cf4f35f528766f9f9b200d55b3"
    },
    {
        "path": "/media/posts/7/responsive/LSP-example-md.png",
        "type": "file",
        "md5": "c848107eeb519711fe9e3d6e33c3a03a"
    },
    {
        "path": "/media/posts/7/responsive/LSP-example-sm.png",
        "type": "file",
        "md5": "56aac0af3e632dd16a5ea320ae9fd82d"
    },
    {
        "path": "/media/posts/7/responsive/LSP-example-xs.png",
        "type": "file",
        "md5": "90cb2e90b9020ad0097e44d3d0e7693c"
    },
    {
        "path": "/media/posts/7/responsive/Python-code-1-md.png",
        "type": "file",
        "md5": "0b3b441933145ca3cbf979a0badf9ca4"
    },
    {
        "path": "/media/posts/7/responsive/Python-code-1-sm.png",
        "type": "file",
        "md5": "cac06157e6fd8f9c12401c0ec2012867"
    },
    {
        "path": "/media/posts/7/responsive/Python-code-1-xs.png",
        "type": "file",
        "md5": "1470321d98a53731127104ef2125639d"
    },
    {
        "path": "/media/posts/7/responsive/Python-code-2-2-md.png",
        "type": "file",
        "md5": "13cf64097c4d97e51e3d938e1d0bd873"
    },
    {
        "path": "/media/posts/7/responsive/Python-code-2-2-sm.png",
        "type": "file",
        "md5": "24970cf78db760c8a81ad7d959c35fb8"
    },
    {
        "path": "/media/posts/7/responsive/Python-code-2-2-xs.png",
        "type": "file",
        "md5": "552d89f33fa35eb66fa8e7a02676adf1"
    },
    {
        "path": "/media/posts/7/responsive/github-2-2-md.png",
        "type": "file",
        "md5": "a36bb66c7cf8ff201800d4e39848aec4"
    },
    {
        "path": "/media/posts/7/responsive/github-2-2-sm.png",
        "type": "file",
        "md5": "26d1f5801266925a591522d1c6d9bf66"
    },
    {
        "path": "/media/posts/7/responsive/github-2-2-xs.png",
        "type": "file",
        "md5": "c86cb8ff6aaac651a08a62245461b66e"
    },
    {
        "path": "/media/posts/7/responsive/github-3-md.png",
        "type": "file",
        "md5": "4f3bd76465d9300b6205e78aaee72ba4"
    },
    {
        "path": "/media/posts/7/responsive/github-3-sm.png",
        "type": "file",
        "md5": "bac18a7f25fd572cf0421feee84a089e"
    },
    {
        "path": "/media/posts/7/responsive/github-3-xs.png",
        "type": "file",
        "md5": "e0196bc307933bc25341eff6516fc3eb"
    },
    {
        "path": "/media/posts/7/responsive/github-pipeline-md.png",
        "type": "file",
        "md5": "c2d037746e4f5143c819e29dcb62f2c6"
    },
    {
        "path": "/media/posts/7/responsive/github-pipeline-sm.png",
        "type": "file",
        "md5": "1545ac1da280ce5df694113b8a2acc63"
    },
    {
        "path": "/media/posts/7/responsive/github-pipeline-xs.png",
        "type": "file",
        "md5": "38126c0b9f69907bde4289d6bb7deaae"
    },
    {
        "path": "/media/posts/7/responsive/sentry-sdk-2-md.png",
        "type": "file",
        "md5": "759bd44ae04816bced3ca06111afd56b"
    },
    {
        "path": "/media/posts/7/responsive/sentry-sdk-2-sm.png",
        "type": "file",
        "md5": "2e2405c2a89d5a52f6520319d45dd1a9"
    },
    {
        "path": "/media/posts/7/responsive/sentry-sdk-2-xs.png",
        "type": "file",
        "md5": "c8ba1a1902e024c82b99cf6e8ce6a7e1"
    },
    {
        "path": "/media/posts/7/responsive/sentry-sdk-md.png",
        "type": "file",
        "md5": "e52c500e2357b0234d9ac53ca26405e7"
    },
    {
        "path": "/media/posts/7/responsive/sentry-sdk-sm.png",
        "type": "file",
        "md5": "927a3bdbbb42896c29c8996787c8f167"
    },
    {
        "path": "/media/posts/7/responsive/sentry-sdk-xs.png",
        "type": "file",
        "md5": "a39ae254318db88beca5d6960d22cbfb"
    },
    {
        "path": "/media/posts/7/sentry-sdk-2.png",
        "type": "file",
        "md5": "29548700c92462fb40557a66465698f6"
    },
    {
        "path": "/media/posts/7/sentry-sdk.png",
        "type": "file",
        "md5": "cc427d71c4fa7cb15256aadce12b5849"
    },
    {
        "path": "media/posts/8",
        "type": "directory",
        "md5": false
    },
    {
        "path": "/media/posts/8/automated-testing-success.png",
        "type": "file",
        "md5": "2f5e389a57d6dfe715a7c099db513a9f"
    },
    {
        "path": "/media/posts/8/automated-testing.png",
        "type": "file",
        "md5": "04c9c8e92187a474ca44a565c09986d5"
    },
    {
        "path": "/media/posts/8/code-testing.png",
        "type": "file",
        "md5": "c1b1abf2f49e12298366aa11514173ee"
    },
    {
        "path": "/media/posts/8/dataset-models.png",
        "type": "file",
        "md5": "6f55b56ce828c0d842b5d3dd56139e13"
    },
    {
        "path": "media/posts/8/responsive",
        "type": "directory",
        "md5": false
    },
    {
        "path": "/media/posts/8/responsive/automated-testing-md.png",
        "type": "file",
        "md5": "99369db3b78f62107438715dd179faf6"
    },
    {
        "path": "/media/posts/8/responsive/automated-testing-sm.png",
        "type": "file",
        "md5": "947306eb6d6e15bc5aa368aad9168c44"
    },
    {
        "path": "/media/posts/8/responsive/automated-testing-success-md.png",
        "type": "file",
        "md5": "c3c8d6bab7f901eaac72ace8b6a94b67"
    },
    {
        "path": "/media/posts/8/responsive/automated-testing-success-sm.png",
        "type": "file",
        "md5": "65eefec1e65183531b6d25ce17803844"
    },
    {
        "path": "/media/posts/8/responsive/automated-testing-success-xs.png",
        "type": "file",
        "md5": "9c025d2674005b98a52e3da26f7e5e67"
    },
    {
        "path": "/media/posts/8/responsive/automated-testing-xs.png",
        "type": "file",
        "md5": "ef7da64941ed1860f9a8420ee23bcecf"
    },
    {
        "path": "/media/posts/8/responsive/code-testing-md.png",
        "type": "file",
        "md5": "b2a1db4d092d968008e3a8ddc5eaf83d"
    },
    {
        "path": "/media/posts/8/responsive/code-testing-sm.png",
        "type": "file",
        "md5": "97460fa27541f824b068ef010bf5e8a8"
    },
    {
        "path": "/media/posts/8/responsive/code-testing-xs.png",
        "type": "file",
        "md5": "6486326d33f6b843788d7aa722a83e5f"
    },
    {
        "path": "/media/posts/8/responsive/dataset-models-md.png",
        "type": "file",
        "md5": "adc5b77820f0d2b5ea3217c275a6c402"
    },
    {
        "path": "/media/posts/8/responsive/dataset-models-sm.png",
        "type": "file",
        "md5": "9f14e6dc150cdd38a7008418a1a03ab1"
    },
    {
        "path": "/media/posts/8/responsive/dataset-models-xs.png",
        "type": "file",
        "md5": "195e0529d3002e7b5d00da3d03375523"
    },
    {
        "path": "media/posts/9",
        "type": "directory",
        "md5": false
    },
    {
        "path": "/media/posts/9/MoSCoW-checklist-2.png",
        "type": "file",
        "md5": "6d2ca27903d0970791bbb89abf3cb7ec"
    },
    {
        "path": "/media/posts/9/MoSCoW-checklist.png",
        "type": "file",
        "md5": "7d45c6f45a25df70cb003d9f2bc631fc"
    },
    {
        "path": "/media/posts/9/contribution-table.png",
        "type": "file",
        "md5": "978b92ae877a09779a1ae5c186f4f83e"
    },
    {
        "path": "media/posts/9/responsive",
        "type": "directory",
        "md5": false
    },
    {
        "path": "/media/posts/9/responsive/MoSCoW-checklist-2-md.png",
        "type": "file",
        "md5": "d52014b8f538b743f04f83bf2b8e1632"
    },
    {
        "path": "/media/posts/9/responsive/MoSCoW-checklist-2-sm.png",
        "type": "file",
        "md5": "cdc59c97838313e1e0a87d34d137133b"
    },
    {
        "path": "/media/posts/9/responsive/MoSCoW-checklist-2-xs.png",
        "type": "file",
        "md5": "3a109b355c0ff98a45e4976c1d2fd2f2"
    },
    {
        "path": "/media/posts/9/responsive/MoSCoW-checklist-md.png",
        "type": "file",
        "md5": "36294442bd5fe9b73e08db9f5f7aa120"
    },
    {
        "path": "/media/posts/9/responsive/MoSCoW-checklist-sm.png",
        "type": "file",
        "md5": "dfb82b3724b9599654e1750fda5580b4"
    },
    {
        "path": "/media/posts/9/responsive/MoSCoW-checklist-xs.png",
        "type": "file",
        "md5": "5a6cc3b71bc97767bb6665c02099ee92"
    },
    {
        "path": "/media/posts/9/responsive/contribution-table-md.png",
        "type": "file",
        "md5": "56be60a0ee671db89aeae38934eaeedf"
    },
    {
        "path": "/media/posts/9/responsive/contribution-table-sm.png",
        "type": "file",
        "md5": "85cb573379c21d2d7ee05bab3eb545e0"
    },
    {
        "path": "/media/posts/9/responsive/contribution-table-xs.png",
        "type": "file",
        "md5": "2a03c716f06cec61b2a22039bab1106f"
    },
    {
        "path": "requirements.html",
        "type": "file",
        "md5": "b869dcfd1cfbf93fad41b1b624659ee5"
    },
    {
        "path": "research.html",
        "type": "file",
        "md5": "814ab81f875f2e74e95aa6133c62d8da"
    },
    {
        "path": "robots.txt",
        "type": "file",
        "md5": "50d8a018e8ae96732c8a2ba663c61d4e"
    },
    {
        "path": "system-design.html",
        "type": "file",
        "md5": "d3dedd167042f9f4f20dfc44e6a921d3"
    },
    {
        "path": "tags",
        "type": "directory",
        "md5": false
    },
    {
        "path": "/tags/index.html",
        "type": "file",
        "md5": "a069105a82c433c464e82dc30ed39663"
    },
    {
        "path": "testing.html",
        "type": "file",
        "md5": "3ac29344da86183ab74fdf8a9670b408"
    },
    {
        "path": "ui-design.html",
        "type": "file",
        "md5": "43d64f1fde41a20bd04fed05a8b86422"
    }
]