[
    {
        "path": "404.html",
        "type": "file",
        "md5": "2a32b363bd5fbea713a00b1e4611420a"
    },
    {
        "path": "algorithms.html",
        "type": "file",
        "md5": "a753a91bee6b44068a8b746dd6a3ebd2"
    },
    {
        "path": "assets",
        "type": "directory",
        "md5": false
    },
    {
        "path": "assets/css",
        "type": "directory",
        "md5": false
    },
    {
        "path": "/assets/css/editor.css",
        "type": "file",
        "md5": "e5909a88ba1158a79ba2dbf82d6b2d86"
    },
    {
        "path": "/assets/css/main.css",
        "type": "file",
        "md5": "7e402b151968b2ffde42b5a311112538"
    },
    {
        "path": "/assets/css/photoswipe.css",
        "type": "file",
        "md5": "ffb247881cd6f611d007fd4a96b7b16a"
    },
    {
        "path": "/assets/css/style.css",
        "type": "file",
        "md5": "d05eb3a38e2a8b75f4aa02fb29848ca4"
    },
    {
        "path": "assets/js",
        "type": "directory",
        "md5": false
    },
    {
        "path": "/assets/js/photoswipe-ui-default.min.js",
        "type": "file",
        "md5": "d067f0883540b1ddda0e2c9ad1b14260"
    },
    {
        "path": "/assets/js/photoswipe.min.js",
        "type": "file",
        "md5": "017385b552f7e0d979e2e2fe6f324015"
    },
    {
        "path": "/assets/js/scripts.js",
        "type": "file",
        "md5": "05427e2daed6c1cfbc54e3764b5a5df5"
    },
    {
        "path": "/assets/js/scripts.min.js",
        "type": "file",
        "md5": "babd20e2a0a25821e63a0529c9feaae0"
    },
    {
        "path": "/assets/js/svg-fix.js",
        "type": "file",
        "md5": "7c0d2bb7276904b382e80bf2d85e8a96"
    },
    {
        "path": "/assets/js/svg-map.js",
        "type": "file",
        "md5": "366a23061e427d57de5b78be544fd9a7"
    },
    {
        "path": "assets/svg",
        "type": "directory",
        "md5": false
    },
    {
        "path": "/assets/svg/gallery-icons-dark.svg",
        "type": "file",
        "md5": "452594838e74a3df91ad4a20cf53c831"
    },
    {
        "path": "/assets/svg/gallery-icons-light.svg",
        "type": "file",
        "md5": "ca77079e0fe8270a7447d7f1f5d543b0"
    },
    {
        "path": "/assets/svg/svg-map.svg",
        "type": "file",
        "md5": "d08d79de0e5a0310e4357218385c8429"
    },
    {
        "path": "authors",
        "type": "directory",
        "md5": false
    },
    {
        "path": "authors/james-chang",
        "type": "directory",
        "md5": false
    },
    {
        "path": "/authors/james-chang/index.html",
        "type": "file",
        "md5": "d8b6ab3cd73b6ef6057a4b83312f27c5"
    },
    {
        "path": "authors/james-chang/page",
        "type": "directory",
        "md5": false
    },
    {
        "path": "authors/james-chang/page/2",
        "type": "directory",
        "md5": false
    },
    {
        "path": "/authors/james-chang/page/2/index.html",
        "type": "file",
        "md5": "e41e0b5ac77b56944432a79f8d7d04a2"
    },
    {
        "path": "evaluation.html",
        "type": "file",
        "md5": "56ea411382ae1d29e5185627e83d8b03"
    },
    {
        "path": "example.html",
        "type": "file",
        "md5": "f9cb7d66c236c94f772fcc3fa316acba"
    },
    {
        "path": "implementation.html",
        "type": "file",
        "md5": "814ef1830bb625623c85c7e6ae7b4286"
    },
    {
        "path": "index.html",
        "type": "file",
        "md5": "2862deeeab62298d09cde4c759f58557"
    },
    {
        "path": "media",
        "type": "directory",
        "md5": false
    },
    {
        "path": "media/posts",
        "type": "directory",
        "md5": false
    },
    {
        "path": "media/posts/1",
        "type": "directory",
        "md5": false
    },
    {
        "path": "/media/posts/1/Screenshot-2021-03-08-at-22.13.36.png",
        "type": "file",
        "md5": "45681d2f882989f08383028978d13a4a"
    },
    {
        "path": "/media/posts/1/Screenshot-2021-03-08-at-22.13.49.png",
        "type": "file",
        "md5": "5c71a76a6166b3d74e7785a8c0e8ba2b"
    },
    {
        "path": "media/posts/1/gallery",
        "type": "directory",
        "md5": false
    },
    {
        "path": "/media/posts/1/gallery/Screenshot-2021-03-08-at-22.13.36-thumbnail.png",
        "type": "file",
        "md5": "6a2a3692ce9adb3e77e2bfd0dc0ba51b"
    },
    {
        "path": "/media/posts/1/gallery/Screenshot-2021-03-08-at-22.13.36.png",
        "type": "file",
        "md5": "45681d2f882989f08383028978d13a4a"
    },
    {
        "path": "/media/posts/1/gallery/Screenshot-2021-03-08-at-22.13.49-thumbnail.png",
        "type": "file",
        "md5": "042a3b6fd794976950c5ace90014816a"
    },
    {
        "path": "/media/posts/1/gallery/Screenshot-2021-03-08-at-22.13.49.png",
        "type": "file",
        "md5": "5c71a76a6166b3d74e7785a8c0e8ba2b"
    },
    {
        "path": "media/posts/1/responsive",
        "type": "directory",
        "md5": false
    },
    {
        "path": "/media/posts/1/responsive/Screenshot-2021-03-08-at-22.13.36-md.png",
        "type": "file",
        "md5": "6a2a3692ce9adb3e77e2bfd0dc0ba51b"
    },
    {
        "path": "/media/posts/1/responsive/Screenshot-2021-03-08-at-22.13.36-sm.png",
        "type": "file",
        "md5": "ab7a356a9191ad6121c0006a537eb4a9"
    },
    {
        "path": "/media/posts/1/responsive/Screenshot-2021-03-08-at-22.13.36-xs.png",
        "type": "file",
        "md5": "c19f6bad3b1610c385ed2698f863835e"
    },
    {
        "path": "/media/posts/1/responsive/Screenshot-2021-03-08-at-22.13.49-md.png",
        "type": "file",
        "md5": "042a3b6fd794976950c5ace90014816a"
    },
    {
        "path": "/media/posts/1/responsive/Screenshot-2021-03-08-at-22.13.49-sm.png",
        "type": "file",
        "md5": "32293685b0e467248678a89fb856eefb"
    },
    {
        "path": "/media/posts/1/responsive/Screenshot-2021-03-08-at-22.13.49-xs.png",
        "type": "file",
        "md5": "9655d86a8de932e5928dd53896489ced"
    },
    {
        "path": "media/posts/2",
        "type": "directory",
        "md5": false
    },
    {
        "path": "/media/posts/2/Screenshot-2021-03-09-at-18.29.08-2.png",
        "type": "file",
        "md5": "5a9197e8cfd50bbba63a0d460ccf784c"
    },
    {
        "path": "/media/posts/2/Screenshot-2021-03-09-at-18.36.51-2.png",
        "type": "file",
        "md5": "cbd77a095191825e7ff0bc52aa5eb968"
    },
    {
        "path": "/media/posts/2/Screenshot-2021-03-09-at-18.37.02.png",
        "type": "file",
        "md5": "710802ef3f91a78915efe08f92a0d519"
    },
    {
        "path": "/media/posts/2/Screenshot-2021-03-09-at-18.51.37.png",
        "type": "file",
        "md5": "fd1b66262733cb1dbdebd3d2e2acdefa"
    },
    {
        "path": "/media/posts/2/Use-Case-Diagram.png",
        "type": "file",
        "md5": "d84e80f7492e0714580e2a4771bccb7d"
    },
    {
        "path": "/media/posts/2/Use-Case-list-4.jpg",
        "type": "file",
        "md5": "4fb528047edca99a6bac361b4b1703d2"
    },
    {
        "path": "media/posts/2/gallery",
        "type": "directory",
        "md5": false
    },
    {
        "path": "/media/posts/2/gallery/Screenshot-2021-03-09-at-18.37.02-thumbnail.png",
        "type": "file",
        "md5": "c469b1995ba4e9fbf1259a803fac27db"
    },
    {
        "path": "/media/posts/2/gallery/Screenshot-2021-03-09-at-18.37.02.png",
        "type": "file",
        "md5": "710802ef3f91a78915efe08f92a0d519"
    },
    {
        "path": "media/posts/2/responsive",
        "type": "directory",
        "md5": false
    },
    {
        "path": "/media/posts/2/responsive/Screenshot-2021-03-09-at-18.29.08-2-md.png",
        "type": "file",
        "md5": "037a811232540e06dfe7c39c51d892e7"
    },
    {
        "path": "/media/posts/2/responsive/Screenshot-2021-03-09-at-18.29.08-2-sm.png",
        "type": "file",
        "md5": "8e9c79080641cf036dcbc1d9135f942d"
    },
    {
        "path": "/media/posts/2/responsive/Screenshot-2021-03-09-at-18.29.08-2-xs.png",
        "type": "file",
        "md5": "6ecac676fe3a6b11e681889d19bcd82e"
    },
    {
        "path": "/media/posts/2/responsive/Screenshot-2021-03-09-at-18.36.51-2-md.png",
        "type": "file",
        "md5": "2fad840674e54c15faa7f388fca76391"
    },
    {
        "path": "/media/posts/2/responsive/Screenshot-2021-03-09-at-18.36.51-2-sm.png",
        "type": "file",
        "md5": "ff810401fae0eb3ba5921b8f898bd4a9"
    },
    {
        "path": "/media/posts/2/responsive/Screenshot-2021-03-09-at-18.36.51-2-xs.png",
        "type": "file",
        "md5": "76243608744ca72e524739364e670646"
    },
    {
        "path": "/media/posts/2/responsive/Screenshot-2021-03-09-at-18.37.02-md.png",
        "type": "file",
        "md5": "c469b1995ba4e9fbf1259a803fac27db"
    },
    {
        "path": "/media/posts/2/responsive/Screenshot-2021-03-09-at-18.37.02-sm.png",
        "type": "file",
        "md5": "01e31269e489220e72d73f8e8bd1292b"
    },
    {
        "path": "/media/posts/2/responsive/Screenshot-2021-03-09-at-18.37.02-xs.png",
        "type": "file",
        "md5": "9452ebf7b87a826ed329831680e84499"
    },
    {
        "path": "/media/posts/2/responsive/Screenshot-2021-03-09-at-18.51.37-md.png",
        "type": "file",
        "md5": "137ad47212d021e42890588419d56f42"
    },
    {
        "path": "/media/posts/2/responsive/Screenshot-2021-03-09-at-18.51.37-sm.png",
        "type": "file",
        "md5": "24dae6953e33d3bf6b5a88ddbfa5671d"
    },
    {
        "path": "/media/posts/2/responsive/Screenshot-2021-03-09-at-18.51.37-xs.png",
        "type": "file",
        "md5": "46422fe4adeb9efb90ed276c940e86ad"
    },
    {
        "path": "/media/posts/2/responsive/Use-Case-Diagram-md.png",
        "type": "file",
        "md5": "386948490a4029f6ec29de4680ef6234"
    },
    {
        "path": "/media/posts/2/responsive/Use-Case-Diagram-sm.png",
        "type": "file",
        "md5": "87a2673eeee79da74c9132e14dc13c56"
    },
    {
        "path": "/media/posts/2/responsive/Use-Case-Diagram-xs.png",
        "type": "file",
        "md5": "6b93611826368ceaa347ddb26a6648b7"
    },
    {
        "path": "/media/posts/2/responsive/Use-Case-list-4-md.jpg",
        "type": "file",
        "md5": "3698deb7d78f1fb2925fd2546ecd4619"
    },
    {
        "path": "/media/posts/2/responsive/Use-Case-list-4-sm.jpg",
        "type": "file",
        "md5": "e0445e2c4409f1d864c6157ded028a46"
    },
    {
        "path": "/media/posts/2/responsive/Use-Case-list-4-xs.jpg",
        "type": "file",
        "md5": "04e28d7044d5553f4ccd215c2f0a0f2d"
    },
    {
        "path": "media/posts/4",
        "type": "directory",
        "md5": false
    },
    {
        "path": "/media/posts/4/Screenshot-2021-03-11-at-23.34.24.png",
        "type": "file",
        "md5": "634939bdbde1fb5ab29c6dbdcf9abe9a"
    },
    {
        "path": "/media/posts/4/Screenshot-2021-03-11-at-23.46.26.png",
        "type": "file",
        "md5": "2c7ab4135df07125b7f141676fe426ec"
    },
    {
        "path": "media/posts/4/responsive",
        "type": "directory",
        "md5": false
    },
    {
        "path": "/media/posts/4/responsive/Screenshot-2021-03-11-at-23.34.24-md.png",
        "type": "file",
        "md5": "87b86406a375ccdade3c0be0c7e2777e"
    },
    {
        "path": "/media/posts/4/responsive/Screenshot-2021-03-11-at-23.34.24-sm.png",
        "type": "file",
        "md5": "fcb0bfd07ae049a18b40431f4abc2d38"
    },
    {
        "path": "/media/posts/4/responsive/Screenshot-2021-03-11-at-23.34.24-xs.png",
        "type": "file",
        "md5": "6032b47b4ae267e5317259fcdbb80116"
    },
    {
        "path": "/media/posts/4/responsive/Screenshot-2021-03-11-at-23.46.26-md.png",
        "type": "file",
        "md5": "caf73b6d72d1654407c7629095f27667"
    },
    {
        "path": "/media/posts/4/responsive/Screenshot-2021-03-11-at-23.46.26-sm.png",
        "type": "file",
        "md5": "4c7328fbd4a10b53192765512cf1a33b"
    },
    {
        "path": "/media/posts/4/responsive/Screenshot-2021-03-11-at-23.46.26-xs.png",
        "type": "file",
        "md5": "9e73fab754b78b3898bc6fad4a770c0d"
    },
    {
        "path": "media/posts/5",
        "type": "directory",
        "md5": false
    },
    {
        "path": "/media/posts/5/Figma-1-2.png",
        "type": "file",
        "md5": "04bfcd92dad53e5165a056f1123436c4"
    },
    {
        "path": "/media/posts/5/Figma-2.png",
        "type": "file",
        "md5": "0c87010fa65a750b9c474f048d9f5a36"
    },
    {
        "path": "/media/posts/5/Picture-1.png",
        "type": "file",
        "md5": "fc9a60a2cd769cb8fe6a54130b68981b"
    },
    {
        "path": "/media/posts/5/Picture-2.png",
        "type": "file",
        "md5": "e7de90455cdf47eb0a841d46e1bd7759"
    },
    {
        "path": "media/posts/5/responsive",
        "type": "directory",
        "md5": false
    },
    {
        "path": "/media/posts/5/responsive/Figma-1-2-md.png",
        "type": "file",
        "md5": "561c1f790589bd1e252b2fc7c82f3f1f"
    },
    {
        "path": "/media/posts/5/responsive/Figma-1-2-sm.png",
        "type": "file",
        "md5": "13b81fec354db2f3efe220c307a464ab"
    },
    {
        "path": "/media/posts/5/responsive/Figma-1-2-xs.png",
        "type": "file",
        "md5": "d9e4adff250a004fbee44a960f7fcae5"
    },
    {
        "path": "/media/posts/5/responsive/Figma-2-md.png",
        "type": "file",
        "md5": "03bef3a2bbb5dd941f63c72bb0993194"
    },
    {
        "path": "/media/posts/5/responsive/Figma-2-sm.png",
        "type": "file",
        "md5": "a3f8c0aa5d59344a945e3101f846b9e1"
    },
    {
        "path": "/media/posts/5/responsive/Figma-2-xs.png",
        "type": "file",
        "md5": "f2e7157a94892a4796034760d272a334"
    },
    {
        "path": "/media/posts/5/responsive/Picture-1-md.png",
        "type": "file",
        "md5": "0af6a83a6345ac3d7b12365562d601e0"
    },
    {
        "path": "/media/posts/5/responsive/Picture-1-sm.png",
        "type": "file",
        "md5": "ed70c6ea5edca6fbd98c1e2dbae8caf9"
    },
    {
        "path": "/media/posts/5/responsive/Picture-1-xs.png",
        "type": "file",
        "md5": "8ffc164a7ed7dc99109e1f85c3a8acc2"
    },
    {
        "path": "/media/posts/5/responsive/Picture-2-md.png",
        "type": "file",
        "md5": "b5b0ed34690bd47eb80ff68e879f2bef"
    },
    {
        "path": "/media/posts/5/responsive/Picture-2-sm.png",
        "type": "file",
        "md5": "fa94da75f93afd9a58fc1870b306a5c8"
    },
    {
        "path": "/media/posts/5/responsive/Picture-2-xs.png",
        "type": "file",
        "md5": "1f0b43fbd6dd0cf8eb277796fd196d67"
    },
    {
        "path": "media/posts/6",
        "type": "directory",
        "md5": false
    },
    {
        "path": "/media/posts/6/System-Architecture.jpg",
        "type": "file",
        "md5": "781a1af7d8ff53289071c53fb5ef4975"
    },
    {
        "path": "media/posts/6/responsive",
        "type": "directory",
        "md5": false
    },
    {
        "path": "/media/posts/6/responsive/System-Architecture-md.jpg",
        "type": "file",
        "md5": "a60f277099e994b7f21947d3c95863a5"
    },
    {
        "path": "/media/posts/6/responsive/System-Architecture-sm.jpg",
        "type": "file",
        "md5": "f4692171781f3d693a24a13b97d213a2"
    },
    {
        "path": "/media/posts/6/responsive/System-Architecture-xs.jpg",
        "type": "file",
        "md5": "e165d22ca5fb175fe0a0a4cdad76793c"
    },
    {
        "path": "media/posts/7",
        "type": "directory",
        "md5": false
    },
    {
        "path": "/media/posts/7/Django-REST.png",
        "type": "file",
        "md5": "2f7e678874b9240b6f79d66e78642ad7"
    },
    {
        "path": "/media/posts/7/github-2-2.png",
        "type": "file",
        "md5": "9b6bc06aa1618b33edc14575450834b5"
    },
    {
        "path": "/media/posts/7/github-3.png",
        "type": "file",
        "md5": "98aaa5c03a4ada4207e4dcbc5a20aec3"
    },
    {
        "path": "/media/posts/7/github-pipeline.png",
        "type": "file",
        "md5": "07510c54371eaf8a0806a985290e186b"
    },
    {
        "path": "media/posts/7/responsive",
        "type": "directory",
        "md5": false
    },
    {
        "path": "/media/posts/7/responsive/Django-REST-md.png",
        "type": "file",
        "md5": "fb0193f7c8002b134627f4c67701a5d7"
    },
    {
        "path": "/media/posts/7/responsive/Django-REST-sm.png",
        "type": "file",
        "md5": "5654f84e11c91eed6ad06c4ff1bfc9a4"
    },
    {
        "path": "/media/posts/7/responsive/Django-REST-xs.png",
        "type": "file",
        "md5": "89db81960a74c5a58d7ec772baffd02e"
    },
    {
        "path": "/media/posts/7/responsive/github-2-2-md.png",
        "type": "file",
        "md5": "a36bb66c7cf8ff201800d4e39848aec4"
    },
    {
        "path": "/media/posts/7/responsive/github-2-2-sm.png",
        "type": "file",
        "md5": "26d1f5801266925a591522d1c6d9bf66"
    },
    {
        "path": "/media/posts/7/responsive/github-2-2-xs.png",
        "type": "file",
        "md5": "c86cb8ff6aaac651a08a62245461b66e"
    },
    {
        "path": "/media/posts/7/responsive/github-3-md.png",
        "type": "file",
        "md5": "4f3bd76465d9300b6205e78aaee72ba4"
    },
    {
        "path": "/media/posts/7/responsive/github-3-sm.png",
        "type": "file",
        "md5": "bac18a7f25fd572cf0421feee84a089e"
    },
    {
        "path": "/media/posts/7/responsive/github-3-xs.png",
        "type": "file",
        "md5": "e0196bc307933bc25341eff6516fc3eb"
    },
    {
        "path": "/media/posts/7/responsive/github-pipeline-md.png",
        "type": "file",
        "md5": "c2d037746e4f5143c819e29dcb62f2c6"
    },
    {
        "path": "/media/posts/7/responsive/github-pipeline-sm.png",
        "type": "file",
        "md5": "1545ac1da280ce5df694113b8a2acc63"
    },
    {
        "path": "/media/posts/7/responsive/github-pipeline-xs.png",
        "type": "file",
        "md5": "38126c0b9f69907bde4289d6bb7deaae"
    },
    {
        "path": "requirements.html",
        "type": "file",
        "md5": "743cbcab1e1261b05905b19df691b555"
    },
    {
        "path": "research.html",
        "type": "file",
        "md5": "3976a78bf5a4840662a3f6434714a8c3"
    },
    {
        "path": "robots.txt",
        "type": "file",
        "md5": "50d8a018e8ae96732c8a2ba663c61d4e"
    },
    {
        "path": "system-design.html",
        "type": "file",
        "md5": "e08ec509a601fb39f69108dae8c47199"
    },
    {
        "path": "tags",
        "type": "directory",
        "md5": false
    },
    {
        "path": "/tags/index.html",
        "type": "file",
        "md5": "a069105a82c433c464e82dc30ed39663"
    },
    {
        "path": "testing.html",
        "type": "file",
        "md5": "d9704381d93cf5b95138c49723243b0f"
    },
    {
        "path": "ui-design.html",
        "type": "file",
        "md5": "8b29e1a3880151e5fc27e52e30122546"
    }
]